Code,Description
4221,A CHAPU
4274,A FAGNUS
4161,A STEINBACH
690,"A-SQUARE COMPANY, LLC"
1865,A. BALDWIN & CO
3893,A. CHUCHU PATENT
497,A. FIELD & CO
4156,A. HOESCH
3824,A.D JANSEN
1614,A.G. KNOX
461,A.H. FOX
4369,A.HOWELL & CO
3457,A.J. RUDD
2661,A.N. WHITE
2763,A.R.7 EXPLORER
69,AAARMS
2194,ABBIATICO&SALVINELLI
1257,ABERCROMBIE & FITCH
4340,AC-UNITY
4209,ACCIAIO BREDA
1615,ACCLES & SHELVOKE
668,ACCU-TEK FIREARMS
2617,ACCURACY INTERNAT LTD
3034,ACERO FINO
1214,ACHA
2217,ACIER COCKERILL
504,ACIER COMPRIME
1259,ACKLEY
2641,ACO FINO
2520,ACVOKE
1215,ADAMS
4023,ADAMS & BENNETT
55,ADC (ARMI DALLERA CUST)
1261,ADKIN AND SONS
2772,ADLER
1262,ADOLF LOESCHE
1461,ADP
4081,ADVANCED ARMAMENT CORP
1123,ADVANCED ARMAMENT CORP.
774,ADVANTAGE ARMS INC
4225,AERO PRECISION
1264,AGNEW & SON
4324,AHSS FXS-9
1032,AIR ARMS
2826,AIR RANGER
4177,AIRBORNE ARMS
4424,AIRMAKS ARMS
1195,AIRROW
3595,AJ DEFOURNY
3732,AJ JEWSON
466,AJ ORDNANCE
1249,AKAH
3905,AKDAL
4364,AKDAS
4529,AKER DEFENCE
3558,AKKAR
3318,AKM
1266,AKMS
2523,AKRILL E
1267,AKS
4133,AKSA
3383,AL BIESEN
419,ALAMO
4394,ALARD SON & CO
1251,ALBION
2351,ALBRECHT
3497,ALCOCK & PIERCE
629,ALDENS
2303,ALEX MARTIN
4448,ALEX R HENRY & CO
1750,ALEXANDER HENRY
394,ALFA
4422,ALFRED FIELD & CO
310,ALKAR
495,ALLAN GLASGOW
2691,ALLEN AND THURBER
281,ALLIES
2429,ALLPORT
610,ALPHA ARMS INC
1126,ALPINE
4362,ALTOBELLI ARMS COMPANY
4214,ALWIN BARTHELMES
2537,AMBERG
3308,AMD
188,AMERIC FIREARMS MAN CO
60,AMERICAN ARMS CO.
775,AMERICAN DERRINGER COR
3179,AMERICAN GUN CO
4481,AMERICAN TACTICAL
2626,AMT BABY AUTOMAG
26,AMT(ARCADIA MACH&TOOL)
2880,ANCIENS
1933,ANDERSON
4432,ANDRO CORP INDUSTRIES
2224,ANGELO ZOLI
4264,ANGSTADT ARMS
229,ANSCHUTZ
508,ANSON & DEELEY
3934,ANTONIO ZOLI
4073,ANZIO
2148,AP WALSHE
1526,APACHE
2101,APEX
1260,ARAMBERRI ARMY PERCUS
2257,ARCHER
4295,ARCHON FIREARMS
3885,ARCUS
1398,ARDESA
4140,AREX
1740,ARIANE
1252,ARISAKA
2939,ARIZAGA
1253,ARIZMENDI
1485,ARKROM
4516,ARM SHOOTING INDUSTRY
2393,ARMA
4316,ARMA ZEKA
3177,ARMAF
90,ARMALITE
2636,ARMAMENT SYST & PROCED
1490,ARMAS ERBI
864,ARMAS GARBI
2354,ARMAS UGARTECHEA
3812,ARMED
4188,ARMELEGANT
956,ARMI GALESI
171,ARMI JAGER
2125,ARMI LU-MAR
2119,ARMI RENATO
998,ARMI SAN MARCO
999,ARMI SAN PAOLA
1000,ARMI SPORT
426,ARMINEX
115,ARMINIUS
4280,ARMITALIA
4024,ARMSAN
412,ARMSCOR
170,ARMSCORP OF AMERICA
1062,ARMSEL
4174,ARMSKON
2028,ARMSTRONG
4025,ARMTAC
1437,ARMY & NAVY
860,ARRIETA
120,ARRIZABALAGA
4033,ARSENAL FIREARMS
2791,ARTAX
3422,ARTHUR ALLAN
4522,ARTHUR CONYERS
3387,ARTHUR HOWELL & CO
2642,ARTHUR ILSLEY
4418,ARTTECH
1487,ARWA
4503,ASELKON
4171,ASERMA (ADP)
1727,ASP
131,ASTRA
4001,ATA ARMS
1269,ATIS
4488,ATLANTIC ARMS MFG
318,ATLAS
3206,AUGUST EINBECK
312,AUGUST MENZ
1256,AUSTEN
3256,AUSTRIA WAFFEN
3938,AUTO MAG
75,AUTO-ORDNANCE
510,AUTOMATIV KALASHNIKOV
1735,AVL
3360,AVSAN
2437,AW GAMAGE
4137,AXOR ARMS
509,AYA
4256,AZHUR
2252,AZUL
3861,B. BLINDEE
4201,B. LAUBSCHER & ASSOC
2196,B. SEARCY & CO.
3961,B.EINBOCK
1082,BABY BRETTON
1163,BABY DRAGOON
1070,BABY EAGLE
2164,BACON ARMS & CO
2349,BADGER BARRELS INC
511,BAIKAL
3522,BAILEY
643,BAKER
4277,BAKER EXPRESS RIFLES
4538,BALIKLI ARMS
525,BALLESTER MOLINA
3703,BANSNER
2254,BAR
42,BAR-STO PRECISION
4502,BARAK ARMS
4253,BARATHRUM
1695,BARELLA
3296,BARNARD
2106,BARNES
2284,BARNETT
4282,BARNOW
691,BARRETT
3879,BARTLEIN
1856,BARTRAM
3721,BASALT
272,BASCARAN
1501,BASQUE
3670,BAT
4344,BATMAZ GROUP
322,BAUER
2285,BAUSKA
1498,BAVARIA
103,BAYARD
2858,BAYLISS
4167,BCM
3658,BEAMISH & CO
4436,BEANLAND CUSTOM RIFLES
1289,BEAUMONT
2451,BEAUMONT VITALI
294,BECKER & HOLLANDER
2618,BECKWITH
234,BEEMAN
2276,BEESLEY
925,BEHOLLA
2041,BEHR
1292,BEISTEQUI HERMANOS
534,BELCHER BROS
2607,BELGIAN
4384,BELL BROTHERS
434,BELLMORE-JOHNSON
535,BELLOW & SON
536,BELMONT
4345,BENCHMARK BARRELS
450,BENELLI
707,BENJAMIN AIR RIFLE CO
533,BENJAMIN FRANKLIN
703,BENJAMIN SHERIDAN
1294,BENTLEY & PLAYFAIR
1293,BERDAN
4207,BERDAN BRITARMS
118,BERETTA
4104,BERGARA
2844,BERGER
459,BERGMANN
531,BERKS COUNTY
144,BERLIN-SUHLER (BSW)
2659,BERN
2789,BERNARD
189,BERNARDELLI
317,BERNEDO
123,BERSA
2009,BERTHIER
253,BESA
4173,BEST OF THE WEST
541,BETTINSOLI
4474,BH BEST ARMS
1150,BILL HANUS
3210,BIRMINGHAM GUN
1950,BISHOP
3307,BISLEY SMALL ARMS
2648,BISONTE
4068,BJ STRYDOM
435,BJT
4518,BLACK RAIN ORDNANCE
1537,BLACKMORE
2591,BLACKSTAR
4306,BLAKE BARREL AND RIFLE
3573,BLANCH
922,BLASER
3724,BLEIKER
4446,BLOW
2178,BLUNDERBUSS
4379,BODEO
1097,BOEHLER
1689,BOFORS
1396,BOHLER
1296,BOHMISCHE WAFFENFAB
543,BOITO
323,BOLUMBURU
1081,BOND
4321,BOOMSLANG
1297,BORCHARDT
544,BORCHERS-CELTA
3949,BORDEN
2343,BORDER
4476,BORING RIFLES
777,BOSS & CO
3137,BOST
1826,BOZARD & CO
4168,BRADLER & LACHMANN
3204,BRAENDLIN ARMOURY
1001,BREDA
550,BREN ARMS
1305,BRENNEKE (WILHELM)
549,BRESCIA
3279,BREVETTATO
542,BREVETTE
1811,BRF
4378,BRG
4343,BRIGAND
553,BRIGANT
1752,BRILEY
3693,BRITISH CONSTABULARY
4239,BRIXIA
1002,BRNO
3749,BROCKMAN'S
274,BRONCO
3870,BROUGHTON
612,BROWN
557,BROWN BESS
784,BROWN PRECISION
149,BROWNING
3698,BRUGGER & THOMET (B&T)
2687,BRUNI (BBM)
378,BRUNSWIG
2750,BRUX
50,BRYCO ARMS
1035,BSA
1290,BSF
4504,BTR
1623,BUCK & CO
783,BUDICHOWSKY
4010,BUEHLER
558,BUFFALO
2532,BUGELSPANNERS
3187,BUHMILLER
2235,BUL
1361,BULLDOG
79,BURGESS
151,BURGO
1502,BURGSMULLER H & SOHNE
2172,BURNSIDE
1301,BUSHMASTER
1508,BXP
1525,BXP (MK 9)
3964,BÃ¤LDER H
572,C A JAY & CO
3574,C COWLES
571,C FRYSE & CO
3182,C G EDWARDS
4276,C LEWERENTZ
2332,C MAYBURY
2168,C PRYSE&CO (CHARLES)
693,C SHARPS ARMS
2600,C.G. BALES
4508,C.H.SMITH
1543,C.L. ANDREWS
4466,C.PAVEY & SON
4353,C.RICHARDS
1051,CABANAS
1494,CADET DELTA
4132,CADEX
1306,CADILLAC- GAGE
3739,CAESAR GUERINI
575,CALDERWOOD & SON
1103,CALICO
2400,CALISHER & TERRY
1307,CAMPO-GIRO
1308,CANADIAN ARSENALS(CAL)
4106,CANIK
4017,CANIK 55
1772,CANNA CROMATA
1602,CANON
2092,CAP-CHUR
3543,CAPE ARMOURY
4257,CAPRA
3944,CARACAL
4496,CARBON SIX
1817,CARCANO
4536,CARETTA
98,CARL GUSTAV
3268,CARL PAUBEL
573,CARR BROS
3265,CARRERA
576,CARRERO&ASTELARRA
577,CARTER-EDWARDS
4243,CASALTA
3930,CASARTELLI
3956,CASHMORE
1510,CASPIAN
2379,CASTELLI
76,CASULL
4205,CATMA
562,CBC
187,CDM
3759,CEBRA
4237,CELIK SILAH
2516,CELTA
578,CENTAUR
2237,CENTURION
418,CENTURY ARMS
4199,CERATEC
4099,CESARE PELI & DAFFINI
1310,CETME
4434,CG BALES
1304,CG BONEHILL
458,CG HANEL SCHMEISSER
2754,CG HARSTON & CO
580,CHAMBER & SON
581,CHAMELOT-DELVIGNE
3172,CHAMPION
708,CHAMPLIN FIREARMS INC
1087,CHAPUIS
1311,CHARLES BOSWELL
2734,CHARLES DALY
1888,CHARLES FRANCIS AND SON
2960,CHARLES GRIESON
3049,CHARLES HELLIS & SON
1565,CHARLES INGRAM
2316,CHARLES LANCASTER
1155,CHARLES MOORE
1458,CHARLES OSBORNE
4332,CHARLES QUINN HAMSHAW
3839,CHARLES ROSSEN
1548,CHARLES SMITH
996,CHARLEVILLE
2362,CHARLIN
1312,CHARLTON
38,CHARTER ARMS
1313,CHARTER IND SINGAPO
2524,CHARZY
4421,CHAS PRYSE
1681,CHATELLERAULT (MAC)
3092,CHAZ OSBORNE & CO
4368,CHEELY
4160,CHEYTAC
4065,CHIAPPA
3074,CHIAVARI
2166,CHICAGO ARMS
1093,CHIPMUNK MFG. CO
3463,CHOBERT-PARIS
4259,CHOPITEA
3863,CHOY
3704,CHRISTENSEN
2137,CHRISTOPHE
345,CHURCHILL
823,CIMARRON
2327,CITADEL
1554,CLABROUGH&JOHNSON
398,CLAIR
1371,CLARBEX
1104,CLARIDGE
2278,CLARK
1921,CLARKE & SONS (HENRY)
1315,CLASSIC ARMS
325,CLEMENT (CHARLES)
173,CLERKE
2673,CMC
4091,CMMG
4136,COBALT KINETICS
2424,COBRA
197,CODY
1036,COGSWELL&HARRISON LTD
2925,COLEMAN
2945,COLIBRI (KOLIBRI)
2113,COLLATH
2640,COLONIAL
2242,COLONIST
35,COLT
3852,COLT CANADA
3853,COLT SAUER
3876,COLUMBIA
2338,COMANCHE
3274,COMBLAIM
1481,COMET
613,COMMANDO ARMS
3843,CONDOR (STOEGER)
709,CONNECTICUT VALLEY ARMS
614,CONTINENTAL
236,COOEY
686,COOK & BROTHER
54,COONAN
695,COOPER ARMS
2498,COP
3901,CORDY
967,COSMI
3462,COSTA
4296,COUNET-GENOT
4547,COX & CLARKE
1540,COX & SON
4509,CRB(CUSTOM RIFLE BARREL)
1634,CRESCENT
3820,CRICKET
1852,CROCKART & SONS
704,CROSMAN
861,CRUCELEGUI (HERMANDOS)
399,CRUCERO
2110,CRUSADER
4317,CRVENA ZASTAVA
4054,CUGIR ARMS
4482,CUNO MELCHER
4297,CURTIS CUSTOM
2109,CUSTER
3882,CW ANDREWS LTD
4234,CYA
2505,CYMOT LIMITED
299,CZ
2426,CZ 100
4320,CZ 75
4301,CZ 85
4016,CZECH SMALL ARMS
2397,D & J
4400,D & J FRASER
2823,D BREBNER DARLINGTON
1774,D LEONARD & SON
4238,D MCMASTER GIRVAN
3922,D'ARCY ECHOLS & CO
1705,D'ARMES
706,D-MAX
2850,D.D LEVAUX
3509,D.J. DRYHURST
3801,D.S. ARMS INC (DSA)
4236,D.V. JOHNSTONE
4266,D.W.F
2622,D.W.M
669,DAEWOO
1780,DAFFINI
4445,DAGLIOGLU
32,DAISY
3135,DAIWA
596,DAKOTA ARMS
3560,DALTON
882,DALY
4372,DAMAS ANGLAIS
4244,DAN ARMS
1781,DAN FRASER
7,DAN WESSON
4318,DAN WESSON ARMS
4056,DANIEL DEFENSE
1782,DANZIG
1074,DARNE
4089,DASHPROD
483,DAVENPORT
1625,DAVID MCKAY BROWN
4442,DAVIDE PEDERSOLI
4349,DAVIDSON FIREARMS CO
2,DAVIS
2163,DAW (G H DAW & CO)
2238,DAYSTATE
3193,DE MIGUEL LARRANAGA
2753,DE MUTZIG
2606,DEANE
502,DEANE & ADAMS
4337,DEFENCEPORT
2445,DEFENDER
4069,DEFIANCE
3316,DEGTYAREV
4449,DEL-TON
4452,DEL-TON INC
2701,DELCOUR
283,DELU
3376,DELVIGNE
3567,DEMON
2580,DENTON & KENNEL
593,DERINGER
4139,DERYA
1408,DESERT EAGLE
1130,DESERT INDUSTRIES INC.
4038,DESERT TACTICAL ARMS
4429,DESERT TECH
4433,DESPERADO
2352,DESTROYER
449,DETONICS
161,DEUTSCHE WERKE
4090,DIAMONDBACK (DB)
924,DIANA
1723,DIARM
228,DICKINSON
1326,DIEMACO
4387,DIORIO
4220,DISSIDENT ARMS
963,DIXIE GUN WORKS
2324,DLASK ARMS CORP (DAC)
4088,DM-4
2988,DOCKENDORFF
4108,DOLPHIN
2635,DONAR
2376,DONCKIER
4278,DORLEAC & DORLEAC
72,DORNAUS & DIXON
4066,DOUBLESTAR
1759,DOUGLAS
3315,DPM
3856,DPMS
1327,DRAGUNOV
2440,DRESSE LALOUX & CO
95,DREYSE
1328,DRULOV
3319,DSHK
3802,DSR PRECISION
3975,DUBIEL ARMS
1330,DUMOULIN
306,DUO
2757,DUPOMMIER
1339,DUQUE
2519,DURS EGG
4287,DUTCH LONG ARMS
3550,DUVALL
705,DYNAMIT
1928,E & G HIGHAM
2846,E A ARMOURY CORP
2167,E ALLEN
2658,E CONTENTO
3028,E JAMES
1692,E M REILLY & CO
4426,E SALVINELLI
2122,E WHISTLER
678,E. ARTHUR BROWN
1844,E. CHAMBERLAIN
4540,E.H.PENZER & CO
2183,E.KOHLER
4152,E.L. KARABINER
4435,E.PIERPOINT
4363,E.SCHMIDT & HABERMANN
180,EAGLE ARMS
4240,EAGLE BARREL
385,EASTERN ARMS
239,EATONIA
2911,EBERSWALDE C KRUMMEL
1904,EBRALL BROTHERS SAMUEL
2778,EC GREEN
3620,EC HODGES
205,ECHASA
3496,ECHO
3211,ED BROWN
4196,EDC TACTICAL
1466,EDDYSTONE
4279,EDGAR KIESS
4307,EDGAR PERKS
4144,EDOUARD DE BEAUMONT
1357,EDUARD KETTNER-KOLN
1965,EDWARDS
2879,EDWINSON GREEN & SON
4325,EGE RT 25
1751,EGO
3111,EHRHARDT LAUF (HEINRICH)
359,EIBAR
154,EIG
4444,EKOL
4050,EKSEN ARMS
4331,EL CASCO
4541,EL CHIMBO
2494,EL FAISAN
2283,EL RENO
249,ELEY-KYNOCH
1764,ELG
1334,ELGIN
4130,EMEI
689,EMF CO INC
4532,EMG CUSTOMS
230,EMGE
4216,EMIL BARTSCH
3382,EMIL KECH
2965,EMPIRE ARMS CORP
350,ENFIELD
3334,ENGELBERT CLEVER
4357,ENNIO MATTARELLI
4537,ENOS JAMES & CO
4245,ENTWISTLE
1430,ERA
1690,ERBI
2035,ERFURT
155,ERMA
4246,ERMOX
879,ERNST F BUCHEL
3467,ERNST STEIGLEDER
428,ERRASTI
389,ESCODIN
3816,ESCORT
1433,ESPINGARDA
4528,ESREFOGLU
269,ESSENTIAL ARMS
469,ESSEX
2189,ESTRELLA
2209,ETHAN ALLEN
3622,EUOPLIA
3213,EUREKA
326,EUROARMS
1368,EUSTA
1380,EVANS
2264,EXCALIBUR
40,EXCAM
645,EXCEL ARMS
2861,EXCELSIOR
3580,F BAXTER
4087,F BURTON
2045,F DYKE & CO (FRANK)
2153,F SARRIUGARTE
3244,F WILLIAMS (FREDERICK)
1555,F. LANCELOT & CO
3848,F.BIGNOTTI & F-GARDONE V.T
2704,F.F.P. OBENDOV
4417,F.FLETCHER & SON
2933,F.I. INDUSTRIES
206,F.LLI PIETTA
3833,F.M.A.P
4359,F.P BAKER & CO
2201,F.PEDRETTI
2366,F.PURNELL
1101,FABARM
2989,FABBRI
832,FABRICA DE ARMAS
2228,FABRICA DE ITAJUBA
2051,FABRIQUE MILITERE
2265,FAIR
3272,FALCO
3235,FALCON
3063,FALCONETTI
1427,FALKE
4545,FAMAE
3940,FAMARS
1084,FAMAS
3649,FARLEY MFG
1922,FARMERS GUN
1583,FARQUHARSON
962,FAS
2115,FAST DEER
1423,FAURE LE PAGE
1768,FAUSTI (STEFANO)
4377,FAXON FIREARMS
2422,FBP
532,FC BECKLEY BOSHOFF
11,FEATHER IND
474,FEDERAL ORDNANCE
584,FEG
3297,FEGYVER
1411,FEINWERKBAU
3082,FELI
3367,FELIZ SARASQUETA
1838,FEMARU
494,FERLACH
994,FERLIB
80,FIALA
1474,FIAS
2262,FIELD RIFLE CO
142,FIELDMAN
4148,FIERCE
3418,FIESS
1401,FINAT
2428,FINITO
697,FIOCCHI OF AMERICA
4447,FIRE ARMS URBIOLA
4352,FIREARMS CO.
597,FIREARMS INT CORP
1462,FIREBIRD
4458,FIRMA SUHLER WA-EXP HAUS
2256,FISHER
4457,FIVE STAR
4229,FK BRNO
4392,FLETCHERS GUNMAKERS
255,FLOBERT
3014,FM HI-POWER
4085,FMK
4298,FMP
874,FN (FABRIQ NATIONAL)
3356,FN SAUER
4471,FOLDAR
2664,FORD BROTHERS
384,FOREHAND ARMS
481,FOREMOST
3478,FOREST
1913,FORREST & SON
4013,FORT
4520,FORTUNA
4162,FOSTECH MFG
3295,FOURIE
2649,FR WILH HEYM
2210,FRANCARM
267,FRANCHI (LUIGI)
4231,FRANCOLIN
4459,FRANCONIA
875,FRANCOTTE
4210,FRANK S JONES INC
2013,FRANK WELLS
2515,FRANKLIN
1080,FRANKONIA
883,FRANZ JAEGER
2047,FRANZ KETTNER
3515,FRANZ NEUBER & SOHN
2777,FRANZ SODIA
164,FRANZ STOCK
1472,FRED WILLIAMS
210,FREEDOM ARMS
4358,FRITZ WEISS
367,FROMMER
2152,FT BAKER
1596,FUJI
2295,FULLER
2471,FULTON ARMORY (F.A.)
773,FURR ARMS
3023,FUSIL PERFEX
4460,FX AIRGUNS
1337,G 3
1638,G E LEWIS
2765,G F PERRINS
3143,G KERSTEN
3278,G&B
4305,G. MERCENIER
1350,G. ULBRICHT
4521,G.L.RASCH
4178,GA FICHARDT & CO
213,GABILONDO
2500,GALAND
268,GALIL
327,GALLUS
1862,GALLYON & SONS
2692,GAMAGE
1384,GAMO
1795,GARAND (M1)
366,GARATE ANITUA
4006,GARATE Y MENDIBE
214,GARCIA
3093,GARDNER
3342,GARRETT ARMS
3683,GARY REEDER
2595,GASPAR ARIZAGA
1471,GASSER
2806,GASTINNE RENETTE
3546,GAT
1611,GATLING
1116,GAUCHER
374,GAVAGE
2630,GAZELLE
2018,GAZTANAGA
204,GECADO
4383,GECADO SUHL
212,GECO (GUSTAV GENSCHOW)
2891,GEEN/NONE
4490,GEISSELE AUTOMATICS
2575,GENERAL ARMS
1560,GENERAL MOTORS
4315,GENESIS ARMS
2061,GEORG KNAAK
2833,GEORGE BATE
1419,GEORGE GIBBS
4322,GEORGE H DAW
2932,GEORGE HINTON & SONS
3264,GEORGES LALOUX
99,GERMAN
3974,GERMAN SPORT GUNS (GSG)
2263,GERMANICA
218,GEVARM
1562,GEVELOT
3483,GEYGER
4185,GF STÃRMER
4338,GFORCE ARMS
1857,GIBBS
2266,GILBERT
4028,GILBOA
3799,GIRSAN
2416,GITTI UMBERTO
3159,GLENFIELD
448,GLISENTI
2317,GLOBE
64,GLOCK
3630,GOL
4241,GOLANI
615,GOLDEN EAGLE
331,GOLDEN STATE
1190,GONIC
2033,GOODWIN & CO
856,GOROSABEL
1893,GOW & SON
4154,GPC9 (DENEL LAND SYS)
328,GRADOGAS
3807,GRAND POWER
3019,GRANGE GUN COMPANY
3690,GRANITE MOUNTAIN ARMS
2455,GRAS (FUSIL)
427,GREAT WESTERN ARMS(GWA)
1370,GREENER
3201,GREENFIELD
885,GREIFELT & CO
63,GRENDEL
1679,GRIFFIN & HOWE
1940,GRIFFITHS
2292,GRIFFON
1167,GRISWOLD & GUNNISON
2211,GRIZZLY
3808,GRULLA ARMAS
1683,GRUNDY LONGLAND
2313,GRUNIG & ELMIGER
4312,GSA
396,GUARDIAN
2882,GUEDES
2395,GUEINICA
391,GUISASOLA
1388,GUN TECH INTERARMS
2330,GUNMARK
4182,GUNWERKS
3952,GUSTAV RIGHTER BRESLAU
3646,GUSTLOFF WERKE
4116,GWAZA
1986,GYE & MONCRIEFF
3540,H ARTHUR WARD
1815,H E POLLARD & CO
2953,H G BAUCHER
1931,H HODGSON
4275,H HOLLAND
2665,H JAQUET A GENEV
4261,H KOON INC
4386,H L FENTON & CO
3131,H LEUE AND TIMPE
3194,H M QUACKENBUGH
4294,H ORTMANN
2034,H. GOTZ
4285,H. KNEIPP
3712,H.CLARKE
4356,H.G.CORDES
1726,H.GINGELL
4341,H.LAPIE
4360,H.R SLEEMAN & CO
3752,HABICHT
3020,HAENEL
565,HAENEL SUHL
136,HAFDASA
2546,HAIWATHA
3498,HAKIM
4373,HALL MFG
2577,HALLIDAY & SONS
220,HAMILTON RIFLE
4158,HAMM & CO
156,HAMMERLI
1984,HAMMOND BROS
2381,HANS HOLZ
2899,HAPECO
37,HAR&RICHARDSON (H&R)
1905,HARDY
2769,HARDY BRO'S
2758,HARKOM
3191,HARMANOS
2392,HARRIS
1988,HARRISON & HUSSEY LTD
3391,HARRODS
3656,HART
598,HARTFORD ARMS  CO
3276,HARTMANN & WEISS
1107,HASKELL
3506,HATSAN
158,HAWES
1158,HAWKEN
178,HAWTHORNE
3290,HEALTHWAYS
3109,HEBEL
130,HECKLER & KOCH
376,HEGE WAFFEN
3178,HEINZELMANN
4494,HELIX 6 PRECISION
127,HELWAN
2412,HEMBRUG
2671,HENRY
2290,HENRY ATKIN
3417,HENRY EGG
2141,HENRY PIPER
2654,HENRY TOLLEY
152,HERBERT SCHMIDT
616,HERCULES
2457,HERITAGE
886,HEROLD
1473,HERSTAL
2269,HERTERS
202,HEYM
1739,HI-POINT
13,HI-STANDARD
4535,HIGH STANDARD
4486,HIGH STANDARD MFG.CORP.
4242,HIGHMAN&LAUBSCHER
1983,HILL
4431,HILL COUNTRY RIFLES
1369,HILLSDONS
1606,HILTI GUN
1715,HINTON & SONS
57,"HJS INDUSTRIES, INC"
2083,HK/21
226,HOBAN
2255,HOF-BUCHSENMACHER
2094,HOFFMAN
1022,HOLLAND & HOLLAND
2214,HOLLIS & SHEATH
1449,HOLLIS & SONS
2026,HOLLOWAY & NAUGHTON
1929,HOOTON & JONES
2652,HOPEFIELD
77,HOPKINS & ALLEN
4323,HORACE SOLEY & CO
4527,HORIZON FIREARMS
3273,HORNET
1985,HORSLEY & SONS
4290,HORST KNOPF
2080,HORTON
2420,HOVEA
1039,HOWA
390,HOWARD
3880,HPI
1805,HS
4415,HS PRODUKT
2150,HT GRAINGER & CO
2219,HUBERTUS
2360,HUGLU
4464,HUGTEK ARMS
122,HUNGARIAN
4189,HUNT GROUP
648,HUNTER ARMS
4194,HUSAN ARMS
148,HUSQVARNA
2487,HUSSEY & HUSSEY
1201,HW
4530,HW PRECISION
162,HY HUNTER
243,HY SCORE
3010,I HOLLIS AND SONS
113,I M I
2780,I W LAIRD
2404,I.G.I
393,I.N.A.
3152,IAB GARDONE
61,IAI
2506,IBARGUN
1109,IBERIA FIREARMS
2403,IBIS
3363,IBM CORP
360,IDEAL
4513,IFF (INTER FIREARMS FACTORY)
649,IGA
2133,IGI DOMINO
2198,IHP
2716,IJEVISK
1530,IMBEL
2581,IMMAN MEFFERT
4382,IMPACT PRECISION SHOOTING
4291,IMPERIAL GUN CO
4402,INFINITE ARMS
2501,INFINITY
1198,INGLIS
70,INGRAM
2270,INLAND
4544,INNER MOUNTAIN RIFLE STOCKS
4467,INTER F/ARM FACT (IFF)
74,INTERARMS
452,INTERDYNAMIC
4500,INTERNATIONAL BARRELS
12,INTRATEC
1488,INVECTOR
2195,INVESTARM
363,IRIS ORBEA
4441,ISD BULGARIA LTD
1392,ISHAPORE
4070,ISSC
2435,ITALO GRA
198,ITHACA
28,IVER JOHNSON
3456,IVROL
4308,IWI
4041,IZARM
2563,IZHMASH
455,J & R ENGINEERING
1819,J & W TOLLEY
1824,J BEATTIE & SON
1825,J BLANCH & SON
2887,J BLISSETT
3240,J BRADDEL
1850,J BRADDELL & SON
2715,J BURROWS
140,J C HIGGINS (HIGGINS)
1829,J D DOUGALL & SONS
2247,J DEANE & SON
1839,J F KING
1790,J F SMYTHE
1521,J G LANDMANN
1616,J GRAINGER & SON
2735,J GREAVES
2909,J H CRANE
1919,J HOBSON
2730,J KEEN
646,J L GALEF & SONS
3163,J MACNAUGHTON & SONS
2847,J MORETON
2442,J O MAYNE
2046,J ROBERTS & SON
2849,J T HARTWELL & SON
407,J THOMAS
2737,J V POTTER
1031,J W JEFFREY & CO LTD
2821,J WILKES
4125,J. FUNK
4190,J. NOWOTNY
4192,J. SACKREUTER
1029,J. WOODWARD & SONS
4480,J.D DOUGALL
3516,J.J JANE
4366,J.J LANGLEY
1095,J.L. GALEF & SON
4455,J.P.SAUER&SOHN
1885,J.S.BOREHAM
1465,JABALI
4319,JACKSON NOTTINGHAM
2355,JACQMART
186,JAGER
1658,JAGUAR
3642,JALONEN
2984,JAMART AND COMPANY
2852,JAMES & ROBERTS
4328,JAMES FAIRMAN
1851,JAMES GREGSON
2917,JAMES KERR
4035,JAMES KIRK
2275,JAMES LANG
1517,JAMES REYNOLDS & GEORGE
4166,JAMES ROWE
4286,JAMES WILLIAMS & CO
2910,JANSSEN FILS & CO
2447,JAPANESE MURATA
2488,JARRETT RIFLE INC
3512,JEAN STASSART
2436,JEFFERY
27,JENNINGS
1069,JERICHO
2727,JFC
2491,JGA
4145,JGA KARABINER
1541,JIANGSU
300,JIEFFECO
2220,JOH FANZOJ
3968,JOH JAC REEB
3817,JOHANNSEN
1823,JOHN BARTON
3737,JOHN BOLLINGER
238,JOHN DICKSON & SON
1891,JOHN FRY
3584,JOHN HALL
1660,JOHN HAYTON
456,JOHN INGLIS
4393,JOHN PARKINSON
2857,JOHN REEVES & CO
1789,JOHN WILKES
4191,JOLOAR
1620,JONAS INC
3169,JONATHAN ARTHUR CIENER
2132,JONES
3834,JOS DAHL
1457,JOSEF JUST
3903,JOSEF-JUST
1511,JOSEPH BOURNE & SON
3160,JOSEPH CURRY
1717,JOSEPH DEFOURNY
1771,JOSEPH LANG & SONS
2784,JOSEPH LECLERCQ
4499,JOSEPH WEBBER & CO
4042,JP ENTERPRISES
4501,JP SMITHSON
3618,JS SHARPE
2100,JSF BOTHA
1025,JSL
2229,JUKAR
4370,JULIUS HESSMER
3442,JUMBO
4396,JUNIOR ARMY
2864,K B P
3415,K WERLIK
4391,K.D.RADCLIFFE
2382,K.F.C
4472,K.STOAKEN & CO
3372,K98 ISRAELI MAUSER
1769,KABA
2484,KAHR
1446,KALASHNIKOV
4269,KALE
1784,KARABIN 31
1645,KAREEN
4289,KARIEGA
4420,KARL BACKMUND
926,KARL BURGSMULLER
3779,KARL HAUPTMANN
4198,KARRI'S GUNS
2485,KART
71,KASSNAR
1550,KAWAGUGHIA
4273,KD THOMAS
692,KDF
3075,KEEP BROS
2439,KEL-TEC CNC
1454,KELBER
2371,KELBLY'S INC
2325,KEMEN
1191,KENTUCKIAN
1154,KENTUCKY FLINTLOCK
4159,KEPPELERR
2660,KERR
650,KESSLER
1547,KESTREL
1557,KETTNER
3526,KEYSTON SPORTING
2979,KH
3910,KHAN
3984,KHAR ARMS
4169,KIDD
340,KIMBALL
193,KIMBER
184,KIMEL
3614,KING
443,KIRIKKALE
4193,KKM PRECISION
265,KLEINGUENTHER
2359,KLINTWORTH
4450,KMR PRECISION ARMS
3070,KNICKERBACKER
698,KNIGHT RIFLES
1360,KNORHAAN
2258,KNUBLEY
39,KODIAK
4403,KOFS
2820,KOHNCKE
3248,KOMA
490,KOMMANDO
287,KOMMER
2336,KONGSBERG
4414,KOR
921,KORTH
3293,KP
2469,KRAG JORGENSEN
4037,KRAL
4202,KRC AV
1505,KREIENSEN
887,KRICO
2335,KRIEGER
3136,KRIEGESKORTE
888,KRIEGHOFF
4018,KRISS
3494,KROMSON
3472,KROON
1400,KRUPP
1532,KTG
2155,KTS
3258,KUCHENRBITER
4309,KUZEY ARMS
2121,KYNOCH
200,L A DIST
480,L A R MFG INC
655,L C SMITH
3643,L I G
1762,L I W
2681,L LEPERSONNE
330,L W SEECAMP CO
2938,L.A. CO.
3406,L.O.B.
2813,L1A1
4542,L3I DESIGN SOLUTIONS
2095,LA CORUNA
465,LA FRANCE
454,LAHTI
244,LAKEFIELD ARMS LTD
3460,LAKELANDER
3598,LAKESIDE
4211,LAM FROID
2731,LAMBER
1770,LAMES
857,LANBER
4146,LANCER SYSTEMS
1516,LANCESTER
4491,LANDOR ARMS
2370,LANG
106,LANGENHAN
3806,LARM
4014,LARUE
2793,LASERAIM ARMS
4333,LAUGO ARMS
858,LAURONA
2075,LAWN & ALDER
2055,LAWSON
3706,LAZZERONI
2425,LDP
370,LE BASQUE
2589,LE CLERQ
586,LE FRANCAIS
1168,LE MAT REVOLVER
361,LE PAGE
314,LE RAPIDE
4314,LEAD STAR
3874,LEADER TRADING
1558,LEATHERNECK
876,LEBEAU - COURALLY
2074,LEBEL
358,LEE ARMS
1351,LEE ENFIELD
3928,LEE HELGELAND
1030,LEE METFORD
4262,LEE SPEED
1866,LEECH
1845,LEESON
1758,LEFAUCHEUX
651,LEFEVER ARMS CO
2097,LEPCO
2544,LES BAER
1778,LEWIS
2398,LG 14
222,LIBERTY ARMS
1352,LIEGE
3407,LIEGEOISE
1860,LIGHTWOOD
289,LIGNOSE
290,LILIPUT
3294,LILJA
1566,LINCOLN
1920,LINSLEY BROS
147,LITHGOW
1991,LITTLE
1137,LJUTIC
112,LLAMA
1587,LLH
1923,LLOYD
2906,LOFLEY LEICESTER
3548,LOGUN AXSOR
699,LONDON ARMORY
4195,LONDON SPORT PARK WATTS
4495,LONE PEAK ARMS
4107,LONE WILLOW
2192,LONG BRANCH
364,LONGINES
1621,LOOKING GLASS
2240,LOPPO
2312,LOPPONEN
2071,LORCIN
919,LOTHAR WALTHER
2356,LOUIS TILLMAN
2677,LOVELL ARMS CO
4487,LRB ARMS
1452,LSA(LONDON SMALL ARM)
2158,LU-MAR
884,LUDWIG LOEWE
343,LUGER
878,LUNA
4003,LUVO ARMS
2582,LUX
4115,LWRC INTERNATIONAL
1160,LYMAN
2077,LYNX
2091,LYON & LYON
1402,LYTTELTON
3562,LÃ¼NEBERG
602,M A C
3629,M J BUNDOCK
2236,M-5
4430,M-ARMS
647,M. A. V. I.
4395,M.W.
3899,M1 CARBINE
4059,M4
3491,M57
102,MAADI
1363,MAB
3920,MAC PHERSON
3781,MACNAB
3229,MACNAUGHTON
1378,MADDCO
166,MADISON IMPORT CORP
3302,MADSEN
4218,MAESTRO
1761,MAG 7
2085,MAG 79(L8)
3591,MAGET
603,MAGNUM RESEARCH INC
1133,MAGTECH
1582,MAHELY
1618,MAHILLON
4150,MAJOOR (JURIE)
1404,MAKAROV
1973,MALEHAM
2629,MALLARD
2162,MALTBY HENLEY & CO
1628,MAMBA
4051,MAMMUT
1697,MANAGER
1992,MANCHESTER ORD & RIFLE
1050,MANDALL
3745,MANFRED ORTH
2010,MANN
150,MANNL SCHOENAUER
4233,MANNLICHER
2538,MANSOURA
1820,MANTON
1092,MANU-ARM
1480,MANUFRANCE
172,MANURHIN
1647,MAR
2597,MARBLES
2039,MARGOLIN
2872,MARHOLDT
3554,MARIETTE (G. MARIETTE)
3404,MARIO BESHI
2585,MARIXA
3623,MARKE LUCHS
923,MARKSMAN
34,MARLIN
1743,MAROCCHI
292,MARS
1515,MARSON
3327,MARTIAN
4412,MARTIN HAGN
1386,MARTINI HENRY
1818,MAS
3517,MASIER
2357,MASQUELLIER
2064,MASTER
4101,MASTERPIECE ARMS
2433,MAT
3746,MATCH GUNS
2549,MATEBA
108,MAUSER
666,MAVERICK
4265,MAX MEFFERT
3490,MAXIM
1626,MAYER & SOHNE
4342,MAYFAIR
3487,MC CARTHY BUCK&CO
3789,MC CRIRICK
3792,MC GOWEN
3791,MC MILLAN & CO
4463,MDC DEFENCE
4507,MEACHAM
1788,MEB
3087,MECH TECH
2486,MEIZER
291,MELIOR
2234,MENDI
141,MENDOZA
371,MENTA
2958,MENZ
4222,MERCO
181,MERCURY
2926,MEREDITH RIFLES
408,MERIDAN FIREARMS
889,MERKEL
3999,MERRILL
52,MERWIN & HUBERT
4110,METRO ARMS
1804,MEYER & SOHNE
1520,MIDA
1202,MIDLAND
1443,MIKROS
1406,MILBRO
382,MILITAR
1509,MILKOR
3671,MILLENIUM
2369,MILLER & VAL
414,MIROKU
670,MITCHELL
4250,MJ BUNDOCK
3147,MJ MAULLIN
3730,MKONTO MANU
4510,MLB ARMS
604,MOA CORPORATION
2318,MODEL GUN CORP (MGC)
2587,MODERN ARMS
307,MODESTO SANTOS
2399,MOISIN-NAGANT
3988,MOJET
3250,MOLL & CO
4203,MOLOT
2711,MOLPEN
2573,MONDIAL
1868,MONK (W.H.MONK)
3662,MONTANA
2438,MONTE CARLO
626,MONTGOMERY WARD
4365,MONZA
4121,MORINI
2810,MORITZ
2187,MORRIS
2176,MORTIMER
2107,MORTON & SON
29,MOSSBERG
1978,MOUNTSTEPHEN
700,MOWREY
1524,MP 40
3323,MPIK
3322,MPIKM
2625,MU
1809,MUGICA EIBAR
2725,MUIR
2992,MULLER
2570,MUNDIAL
2003,MURCOTT
487,MUSGRAVE
4075,MUSGRAVE MAUSER
1432,MUSLER
3156,MW MCCALL
4407,MWT .30 BORE
4408,MWT 12 BORE
4404,MWT BIRETA
4405,MWT CLOCK
4406,MWT STOGER
165,NAGANT
401,NAMBU
2934,NAT POSTAL METER
3226,NATIONAL ARMS CO
157,NATIONAL CARTRIDGE
341,NATIONAL ORD
595,NAVY ARMS CO
4483,NB I.N.A.T.
2696,NBU
2853,NECKERMANN
1447,NEEDHAM (J.V NEEDHAM)
1206,NEF ULTRA/ULTRA MAG
4299,NEMO
2118,NEOSTEAD
3648,NESIKA
333,NETHERLANDS
2368,NEUHAUSEN
2472,NEUMANN
2578,NEW EMPIRE
1027,NEW ENGLAND FIREARMS
4151,NEW FRONTIER ARMORY
3615,NEW SYSTEM ARMS
1529,NEW WORCESTER
4248,NEW YORK ARMS CC
1917,NEWNHAM
618,NEWTON(CHARLES NEWTON)
4517,NEXUS
4546,NICKERSON
1048,NIKKO
4371,NIKSAN DEFENCE
2787,NIMROD
1366,NITRO
194,NOBLE
2004,NOCK
303,NORAMCO
4163,NORDIC COMPONENTS
4254,NORDISKE PRECISION
1394,NORICA
94,NORINCO
3865,NORIS TWINNY
1899,NORMAN
30,NORTH AMERICAN ARMS
4012,NORTH EASTERN ARMS
4354,NORTH STAR ARSENAL
1571,NORTON
2479,NORWICH
3733,NOSLER
4461,NOVA MODUL
4523,NOVA VISTA
4072,NOVESKE
2056,NOWLIN
3767,NRS FUJI
2268,O M C
4515,OA DEFENSE
1476,OBENDORF
4105,OBERLAND
4310,OLDENBURG
688,OLYMPIC ARMS
3414,OMARK
78,OMEGA
1775,ONENA
2705,ORBEA
1355,ORBIT
3926,ORDNANCE DESIGN CO
2396,ORION
175,ORTGIES
3763,OSA
2562,OSKAR FRUHAUF
2410,OTTO BOCK
4376,OTTO HEIM
302,OWA
2856,P MACLAGAN
1763,P S M
4293,P. LORENZOTTI
4416,P.COLBOURNE
3722,P.WEBLEY & SON
2306,P14
1527,PAATZ
2218,PAC-NOR
1122,PACHMAYR
1345,PAF
4456,PALLAS
1619,PALMER
2116,PAM
2138,PAMPA
3078,PANTHER
4258,PANZER ARMS
132,PARA-ORD INC
3325,PARAMAX
1060,PARAMOUNT ARMS
1204,PARDINI/FIOCCHI
4062,PARDUS ARMS
2233,PARKEMY
309,PARKER BROS
3035,PARKER SNOW
2643,PARKER WOOD
101,PARKER-HALE
4533,PARKWEST ARMS
4375,PAS
2006,PATON
2908,PATRIOT
1975,PATSTONE
4094,PAUL JAEGER
3384,PAUL REUSS
2482,PAULO
1098,PAXARMS
3252,PEABODY
619,PEDERSEN
2016,PEDERSOLI
2475,PEDRO ARRIZABALAGA
2147,PEERLESS
484,PENN ARMS CO
620,PENNEY
3132,PENNSYLVANIA
652,PERAZZI
674,PEREGRINE
1556,PERFECTA
2007,PERKES
2391,PERRINS & SON
966,PERUGINI-VISINI
4485,PERUN ARMS
920,PETERS STAHL
4534,PEUGEOT
2048,PFANNEL
4292,PH COUNET
1685,PHANTOM
1121,PHELPS MFG CO
3397,PHILIPP REEB
2020,PHILLIPS
284,PHOENIX ARMS CO
3493,PHOENIX FIREBIRD
3613,PICRA
3742,PIEFER
2129,PIEPER
270,PIEPER ANCIENS
3962,PIERCE ENG LTD
965,PIETRO ZANOLETTI
2200,PIETTA
2719,PINKERTON
1421,PIONEER
4497,PIONEER ARMS
960,PIOTTI
3012,PJ BOTHA
3085,PKM
3110,PKT
339,PLAINFIELD
2702,PLAINSMAN
2131,PLAYFAIR & CO
1733,PNEU DART (DART GUN)
3955,POF (PAKISTAN ORD FACT)
4030,POF-USA
1354,POINTER
2159,POLDI
4129,POLYTECH
1629,POPES
3166,POS PRIDE
1641,POTSDAM
2802,POWELL & SONS
3317,PPS
2341,PPSH 41
2140,PRANDELLI
3665,PRECHTL
1197,PRECISION SPORTS
3998,PREDATOR
3657,PREECE
2319,PREMA
653,PREMIER
4224,PRINCE VINCENT
2985,PRINCEPS
4043,PRO ARMS
1034,PROMETHUES ARMS COMP
4437,PROMMERSBERGER
4187,PROOF
488,PROTECTA (ASERMA)
2920,PRYSE & REDMAN
3786,PSA
4029,PSL
4492,PTG
1754,PUCARA
1704,PUMA
1023,PURDEY
4493,PURE PRECISION
4027,PWS
4313,Q
2239,QUACKENBUSCH
1162,QUEEN ANNE
4469,R & W.G.RAINE BROS
2987,R BESSEL AND SOHN
1043,R F SEDGLEY INC
1377,R HUGHES & SONS
260,R JONES
1792,R MULLER
3162,R W S
2089,R. FAMAGE
2104,R1
2423,R76
4251,RADELLI
4479,RADIAN
4200,RADICAL
4439,RADIKAL
311,RADIUM
352,RADOM
1128,RAHN
3883,RAICK FRERES
4061,RALPH BADENHORST
1691,RAMSET
472,RANDALL FIREARMS
4252,RANGEMASTER
673,RANGER
4462,RANGER ARMS
2431,RAP 401
4176,RAPID AIR WEAPONS (RAW)
2797,RAST & GASSER
1207,RAVEN ARMS
1500,RAWBONE
4419,REC
145,RECK
3108,RECKY
1131,RED WILLOW
2128,REDFERN
1102,REDMAN
4077,REDOLFI
3064,REES AND ROBERTS
3437,REEVES PATENT
159,REGENT
2386,REICH
3257,REID
1994,REILLY
3144,REIMER JOHANNSEN
605,REISING ARMS CO
2347,RELUM
4,REMINGTON ARMS
3992,REMINGTON RAND
1464,REMO
968,RENATO GAMBA
346,RENEGADE
464,REPLICA
117,REPUBLIC ARMS
2358,RESOLVER
4361,RETAY ARMS
273,RETOLAZA HERNANOS
199,REVELATION
4055,REVO
4489,REX
4330,REXIMEX
1381,REXIO
2241,RFM
285,RHEINMETALL
1971,RHODES
2031,RHOEN
97,RHONER
4164,RHÃNER SPORTWAFFEN
1927,RICHARD HANSON
1067,RICHLAND
3714,"RIFLES, INC"
174,RIGARMI
1024,RIGBY (JOHN RIGBY&CO)
3728,RINO
2860,RIOT
4410,RIPPEL EFFECT
2377,RITCHIE
4135,RITTER & STARK
3950,RITTERBUSCH
4235,RIVA ESTERIA
3208,RIVAL
1564,RIVERSIDE ARMS
1995,RIVIERE
995,RIZZINI
4008,RIZZINI-EMILIO
3707,ROBAR
2552,ROBERT ADAMS
4100,ROBINSON ARMAMENT CO
3877,ROBUST
2427,ROCHATTE
1442,ROCHESTER
4281,ROCK ISLAND ARMORY
4204,ROCK RIVER ARMS
3583,ROCK-OLA MANUF CO
2541,ROCKY MOUNTIAN ARMS
2287,RODACCIAI
2093,RODDA
2829,ROECHLING ELEKTROST
4165,ROESSLER
3844,ROF (FAZAKERLEY)
2779,ROF (MALTBY)
1170,ROGERS & SPENCER
3519,ROGUE
110,ROHM
215,ROLAND
251,ROMO
3571,RONGE
3887,ROOIKAT
2353,ROOK
235,ROSCO
2052,ROSENTHAL
873,ROSS RIFLE CO
1041,ROSSI
1892,ROSSON
2350,ROTA-LUCIANO
432,ROTH-SAUER
918,ROTTWEIL
1019,ROYAL SMALL ARMS
2434,RP-46
3669,RPA
4397,"RPB INDUSTRIES,INC."
2450,RPD
2818,RPG
2084,RPK
1124,RPM
1544,RS
3855,RSA
4425,RTIARMS
1042,RUBI
313,RUBY
48,RUGER
3862,RUPPERTUS
3505,RUSCHETTA
2668,RUSO
133,RUSSIAN
2816,RUTTENT
3777,RYAN BREEDING
4388,RÃBLER
2550,S A C M
3335,S ANDRÃ¨ EST S PAULO
2950,S J NICHOLAS & CO
4380,S SMALLWOOD
2135,S T I
4103,S.A.M.
4355,S.K ENGINEERING
4374,S.KNOP-HAMELN
4186,SA GUNWORKS
4411,SA-KA ARMS
3626,SAARN
2108,SABATTI
2029,SABI
252,SABLE
3275,SABLE BABY
3933,SABRE DEFENCE IND
3440,SACO-LOWELL
1113,SAFARI ARMS INC
3981,SAFIR
446,SAGEM
3605,SAGINAW
4147,SAI (SALIENT ARMS INTER)
4451,SAI (SPARTAN ARMS INTER)
4300,SAI 2.0
2464,SAIGA
266,SAKO
2851,SAKRAT
362,SALAVERRIA
2103,SALTER & VARGE
4347,SALVAR
4086,SALVINELLI BREDA
1546,SAM BUCKLEY & CO
3076,SAMCO
2441,SAMSON
4438,SAMUEL B ALLPORT
3534,SAMUEL MARSON & CO
4053,SAMYANG
1254,SAN CRISTÃBAL
959,SAN MARCO
1365,SANNA 77
1362,SANTA BARBARA
4213,SANTA FE
2326,SAR
357,SARASQUETA
3470,SARGANT & SON
4230,SARIC ARMS
4428,SARICAM ARMS
3627,SARSILMAZ
2446,SATA
168,SAUER & SOHN (SAUER)
2811,SAUER-AYA
2387,SAUER-BERETTA
3673,SAUER-WEATHERBY
1434,SAURIO
10,SAVAGE
1514,SAVANA
2545,SAXTON
4084,SCCY
1477,SCHEINTOD
2365,SCHERPING
890,SCHILLING
4327,SCHIWY
4149,SCHLEMMER-BINT
4413,SCHMEISSER
1802,SCHMIDT - OSTHEIM
1745,SCHMIDT-RUBIN
3033,SCHNEIDER
2970,SCHOENAUER
2288,SCHOLBERG
1651,SCHOLEFIELD
3898,SCHOLEFIELD GOODMAN
3897,SCHOLEFIELD LON & BIRM
4223,SCHRAFF
2102,SCHUEMANN
167,SCHULTZ
1813,SCHULTZ & LARSEN
1714,SCOREMASTER
1613,SCORPIO
1861,SCOTCHER
4015,SCOTT F C
2729,SCOUT
4465,SCSA
4102,SDM
1367,SEA HORNET
84,SEARS
409,SECRET SEVICE
58,SECURITY IND
1,SEDCO INDUSTRIES
1112,SEECAMP
4498,SEEKINS PRECISION
1552,SELLIER & BELLOT (S & B)
3061,SENTINEL DELUX
1755,SERENA
3783,SETTLER
2025,SEVILLE
4134,SEY-LAN
2638,SF
1612,SHADOW
1570,SHANGHAI (SAG)
3266,SHARP SHOOTER
248,SHARPS
275,SHATTUCK
2058,SHAW
3129,SHEFFIELD
2467,SHELDON & SONS
182,SHERIDAN PROD INC
1836,SHERWOOD
621,SHILEN
2718,SHILO SHARPS
4385,SHIMWELL BROS
4128,SHORT ACTION CUSTOMS
3524,SHR970
3906,SIACE
4060,SIBERGUN
1044,SIG
881,SIG-SAUER
126,SIGARMS
4249,SILLIVER
2592,SILMA
1997,SILVER
3565,SIMSEK
3545,SIMSON & CO
3723,SIMSON SUHL
3676,SIN
2594,SIREARMS
1649,SITES
4272,SJOGREN
1038,SKB
3120,SKIMIN-WOOD
2978,SKLAAR AND SIESING
2419,SKORPION
4423,SKOUT AIRGUNS
2205,SKS
3366,SL-68II
298,SLAVIA
1091,SLAZENGER
1854,SLINGSBY
2572,SLR RIFLEWORKS
4512,SMALL ARMS FACTORY
2748,SMGMP5A2
2747,SMGMP5K
2749,SMGMP5P3
1551,SMITH & BEECHAM
1943,SMITH & SONS
9,SMITH & WESSON
2612,SMITH & WILKINSON
2741,SMITH LONDON
2714,SMITH MIDGLEY & BRADFO
4348,SMITH'S KHAMA
4511,SNEEUBERG BARRELS
1553,SNIDER
1910,SNOWIE & SON
4531,SNOWY MOUNTAIN RIFLES
4263,SOL INVICTUS ARMS
2124,SOLOTHUM
4526,SOUTHERN TACTICAL
3424,SOUTHERNER
3104,SOUTHGATE
3400,SPAIN
1703,SPANDAU
111,SPANISH
1349,SPARKBROOK
4122,SPARTAN
2456,SPECTRE
2408,SPENCER
4124,SPENDAL
232,SPESCO
2508,SPHINX
4232,SPIKE'S TACTICAL
1169,SPILLER & BURR
478,SPITFIRE MFR CO
3537,SPORT KING
116,SPORTARMS
134,SPORTCO
4329,SPORTING ARMS INC.
3447,SPORTMAN FIVE
135,SPORTOMATIC
56,SPRINGFIELD ARMORY
3306,SPRINGFIELD STEVENS
2112,SPRINTER
2536,SPS
242,SQUIRES BINGHAM INT INC
2086,SS77
2024,SSK INDUSTRIES
1436,ST ETIENNE
3402,ST LOUIS
3725,STA BARBARA
4454,STACCATO
3433,STADLER
4021,STAG ARMS
2244,STAHL & BERGER
2884,STAHL EHRHARDT
67,STALLARD ARMS
3043,STAMFORD
4227,STAND SMALL ARMS(S.S.A)
1609,STANDARD
2675,STANLEY
2182,STANTON (STANTON&SON)
89,STAR
2633,STEALTH
1479,STECHKIN
1684,STEFAN GRANT & SON
1376,STELLA
125,STEN
143,STENDA WERKE
3394,STEPHEN GRANT & SONS
3795,STEPHEN HEILMANN
4141,STERLING ARMAMENTS COM
46,STERLING ARMS
4142,STERLING ARSENAL
4143,STERLING FIREARMS
3069,STERLINGWORTH
83,STEVENS
124,STEYR
3941,STEYR DAIMLER PUCH
2962,STEYR MANNLICHER
1425,STIGA
3913,STILLER
2339,STIRLING
2666,STITZ
179,STOEGER ARMS
4212,STOGOS
1333,STOPPER 37
3923,STORM LAKE
3986,STRASSER
4082,STRAYER-VOIGT (SVI)
3058,STRELA
491,STRIKER (ASERMA)
4215,SUHLER JAGDHUTTE
4260,SULUN
45,SUNDANCE IND
2509,SUOMI
1429,SUPER (SUPER 12)
3536,SURETE
3756,SURGEON
1135,SURVIVAL ARMS
250,SVENDSEN
3867,SW SILVER & CO
1469,SWINBURN & SON
347,SWISS
4302,SWORD INT
3667,SWS 2000
2000,SYLVEN (T. SYLVEN)
2680,SYRACUSE ARMS
4267,SYSTEM DEFENCE
3375,T A T
2867,T BARNSLEY (THOMAS)
4067,T MURCOTT
1636,T PAGE-WOOD
2805,T STENSBY & CO
4036,T T PROCTOR
3044,T TURNER AND SONS
2783,T WILD AND SON
4268,T&H KING
4473,T.CLOUGH & SON
4002,T.T. OLYMPIA
1332,T.W. & J WALKER
2736,TA 382
1117,TACTICAL MANUFAC INC
1800,TALA
138,TALLARES
223,TALON
3173,TANAMARI
107,TANFOGLIO
2946,TANKE
1045,TANNER
2568,TAR-HUNT
4020,TARA
4453,TARAN TACTICAL
190,TARGA
2001,TATHAM
119,TAURUS
348,TED WILLIAMS
2098,TEJANO
3604,TEJON
3301,TELINJECT
1397,TELLY (JELLY)
4525,TERENCE.A.SMITH
4381,TERMINUS
1460,TERNI
4206,TEXAN
1047,TEXAS LONGHORN
1134,TEXAS REMINGTON
258,THALSO
369,THAMES ARMS
4226,THE BATTERY GUN CO
2038,THEATRE-FRERES
1033,THEOBEN
402,THERMODYNAMICS SYS
3568,THOMAS ADSETT
1528,THOMAS BLAND & SONS
1379,THOMAS HAWKES
2329,THOMAS HEPPLESTONE
3837,THOMAS HORSLEY
2170,THOMAS JACKSON & SON
3438,THOMAS PATENT
2492,THOMAS TURNER
2888,THOMAS WILD
606,THOMPSON
53,THOMPSON/CENTER ARMS
2212,THOR
1375,THOR ING WERKE
2465,THOS ADSETT & SON
684,THUNDER
3772,THYS
2616,TIDD
1387,TIGER
4247,TIGRIS ARMS
2082,TIKKA
1065,TIKKAKOSKI
1848,TILNEY
1125,TIMBER WOLF
3612,TIME PRECISION
1980,TIMS
2561,TIPPING & LAWDEN
4443,TIPPMANN ARMS
4071,TISAS
227,TITAN
4390,TITANIC ARMS
1463,TOBIN ARMS
1568,TOBLER
1729,TOKAGYPT
129,TOKAREV
2981,TOM LINSCOTT
3202,TOMLINSON
3486,TONDAR
2499,TORNADO
4228,TOROS
3593,TORPILLE
1395,TOWER (TOWER MUSKET)
2203,TOZ
482,TRADEWINDS
3185,TRADITIONS
1210,TRAIL GUNS ARMORY
3141,TRANAS
2145,TRANTER
503,TRANTER-ADAMS-KERR
81,TRAPPER
196,TREJO
4389,TRENT GUNS & CARTRIDGES
2232,TRESSITU
4524,TRI-MAY PRECISION
1346,TRICO
1486,TRIDENT
276,TRIOMPHE-FRANCAIS
628,TRIPLE S DEVELOPMENT
2160,TRIPP
2458,TRISTAR
2197,TRIUMPH
395,TROCAOLA
4119,TROY
2583,TRUE FLITE
4255,TRUEWORX
1894,TRULOCK & HARRIS
3621,TRUSADER
3039,TRUST
1744,TRUVELO
4172,TRUVELO (ADP)
3826,TRUVELO RAPTOR
1192,"TRYON, GEORG"
3459,TSA
4311,TUBB GUN
3186,TUBLER
2774,TUCKAWAY
2017,TULA
146,TULSKI-KOROVIN
4326,TUR
4506,TURBIAUX
3823,TURBO
3616,TURKISH
1942,TURNER
4109,TUSKER
4477,TYPHOON
1364,TYROL
2227,TZ 99
607,U S A ARMS CORP
2889,U S SPRINGFIELD
82,U.S. REVOLVER
114,UBERTI
1193,UBERTI HIGHWALL
4336,UBL
862,UGARTECHEA
4208,ULTIMATUM
625,ULTRA LIGHT
1831,UMAREX
2322,UMBE
3555,UNAZU
1373,UNDERWOOD
1732,UNION
3927,UNION ARMERA
100,UNIQUE
4270,UNIQUE ALPINE
1405,UNITY
342,UNIVERSAL FIREARMS CORP
4475,UNIVERSAL SPORTING GOODS
3814,UNWIN & RODGERS
4519,URBAN ARMOUR
2011,URGARTECHEA
2941,URIGUEN
2535,URKO
2871,US / S. NORTH
1833,US CARBINE 30 M1
4097,USSG BAIKAL
4026,UTAS
2969,UTICA
4153,UTM
1338,UZI
4074,UZKON
2134,V&R BLAKEMORE
2271,VALLEY ARMS
92,VALMET
233,VALOR
961,VALTRO
4304,VAN HEERDEN WORKS
1414,VANGUARD
1353,VARAN
3919,VARBERGER
4123,VARINI
4427,VC.S./C.G.H.
1567,VEGA
4334,VEK
3060,VEKTOR BOLT ACTION
2997,VEKTOR CP 1
4505,VEKTOR CP 2
3031,VEKTOR CR 21
3004,VEKTOR H 5
3005,VEKTOR LM 4
3006,VEKTOR LM 5
3007,VEKTOR LM 6
2503,VEKTOR LYTTELTON
3980,VEKTOR MINI SS
3001,VEKTOR R 4
3002,VEKTOR R 5
3003,VEKTOR R 6
2998,VEKTOR SP 1
4179,VEKTOR SP 1 GENERAL
2999,VEKTOR SP 1 SPORT
4183,VEKTOR SP 1 TARGET
4180,VEKTOR SP 1 ULTRA SPORT
3000,VEKTOR SP 2
4184,VEKTOR SP 2 150MM
4181,VEKTOR SP 2 GENERAL
4335,VEKTOR SP2 ULTRA SPORT
3008,VEKTOR SS 77
2996,VEKTOR Z 88
1807,VELO DOG
3768,VELSER
1952,VENABLES
2694,VENUS
3557,VEREY
2087,VERNEY-CARRON
3798,VERONA
4032,VERREES & CIE
1385,VEST POCKET
3419,VESTA
3845,VETTERLI
501,VICKERS
2304,VICTOR ARMS
4283,VICTOR COLETTE
3566,VICTOR SARASQUETA
1599,VICTORIA
4138,VICTRIX ARMAMENTS
3321,VIGNERON
3959,VIKTOR BRANDL
3331,VILLAR PEROSA
2794,VIRGINIAN DRAGOON
1499,VIXEN
4539,VO VAPEN
1090,VOERE
4114,VOLQUARTSEN
338,VOLUNTEER
1475,VOSTOK
4339,VUDOO
381,VULCAIN
3139,VZ52/57
3313,VZ58
3659,VZOR
3495,W C CARSWELL
2023,W C SCOTT
4155,W C SCOTT & SONS
1783,W DARLOW
1908,W GOLDEN
4175,W GRAINGER
2496,W HAMACHER
1742,W HORTON
3158,W KAVANAGH & SONS
3101,W KETLAND AND CO
3095,W M CASHMORE
3171,W S RILEY
3603,W URTON
2294,W. DOOLEY
3892,W. LEECH & SONS
2050,W. SOPER
4303,W. STOVIN
2136,W.C. MCENTEE
2804,W.H TISDALL
4351,W.LORD & CO
4367,W.R. LEESON
1944,W.R. PAPE
4484,W.THORNTON
2954,W.WELLINGTON
3939,WAFFEN JUNG
1422,WAFFEN WERLE
2700,WAFFENFABRIK BERN
1718,WAGRIA
1415,WAKEFIELD
3434,WALLAM
1926,WALLIS BROS
3531,WALMAN
2977,WALSH LOVETT
4514,WALT ARMS
87,WALTHER
31,WAMO
2096,WANZL
1688,WARD & SON
2927,WARNANT
608,WARNER
2554,WARRENTED
1869,WARRILOW
3362,WARRIOR
4470,WATCHTOWER
4346,WATSON & HANCOCK
1696,WATSON BROS
3645,WATSON WILLIAM & SON
4440,WBP
6,WEATHERBY
1652,WEAVER
4468,WEB.J.STOK & ZOON
2151,WEBER
411,WEBLEY
153,WEBLEY & SCOTT
3103,WEBLEY SCHERMULY
4157,WEBLEY-WILEY
1584,WEIRAUCH (WEIRAUCH H)
4543,WENCESTER
2690,WERNDL-HOLUB
477,WESCO ORDNANCE
1118,WESSON FIREARMS CO
4288,WEST TEXAS ORDNANCE
163,WESTERN ARMS CORP
36,WESTERN FIELD
3281,WESTERNERS ARMS
1026,WESTLEY RICHARDS
3386,WESTLEY SCOTT
1859,WESTON
1439,WG SCOTT & SON
2114,WH POLLARD
1650,WHISCO
701,WHITE
4409,WHITE DIAMOND
3576,WHITFIELD
219,WHITNEY ARMS
1129,WHITWORTH
609,WICHITA ARMS
627,WICKLIFFE
324,WIENER WAFFENFABRIK
3921,WILD WEST GUNS
676,WILDEY
68,WILKINSON ARMS
4399,WILL'S & ABBOT
3013,WILLIAM CLARK
3748,WILLIAM DOUGLAS
1737,WILLIAM ELLIS
2186,WILLIAM EVANS
1506,WILLIAM FORD
3475,WILLIAM LEE
2634,WILLIAM MOORE
1993,WILLIAM MOORE & GREY
1682,WILLIAM POWELL
3155,WILLIAM SUMNERS & SON
1786,WILLIAMS
3373,WILLIAMS & SON
1630,WILMOT GUN CO
1607,WILSON COMBAT
3,WINCHESTER
4111,WINDHAM WEAPONRY
2053,WINKLER
4350,WINMARK
667,WINSLOW
296,WISCHO
4219,WISE ARMS
3818,WISEMAN
2261,WITTEN
2069,WJ JEFFERY & CO
2651,WM GARDEN
2942,WM MOORE
2289,WOGDON
2184,WOLFF
2120,WOODHEAD
1604,WP JONES
3473,WR WEONE
2216,WUM
1212,WW GREENER
73,WYOMING ARMS
3432,X-CALIBRE
4398,XTREME ARMS
3205,YAMAMOTO
3761,YAVUZ
3911,YHM
3510,YILDIZ
2127,YORK
254,YOUNG AMERICA
2724,YOUNG GUNS
1518,Z
500,ZABALA
2728,ZAGI
1753,ZAMACOLA HERMANOS
1200,ZANARDINI
3971,ZANOTTI
1359,ZASTAVA
2940,ZAUT
288,ZEHNER
1748,ZENITH
247,ZEPHYR
4401,ZERMATT ARMS
4478,ZEV TECHNOLOGIES
3859,ZIEGENHAHN AND SOHN
1416,ZIEGENHAHN&DIEM(ZI-DI)
4217,ZIG
3966,ZIHN S
2157,ZIMMERMAN
499,ZOLI (ANTONIO)
4271,ZORAKI
3945,ZUBILLAGA
3284,ZULIACA
4170,ZULU
4197,ZVS
