Code,Description,FirearmType
2388,.17 HORN MACH 2,00
2131,.17 HORN MAG RIM (HMR),00
2132,.17 HORN MAG RIM (HMR),00
2909,.17 HORNET,00
2910,.17 HORNET,00
2911,.17 HORNET,00
1724,.17 REM,00
2942,.17 VHA (VAR HUN ASS),00
2820,.204 JB,00
2342,.204 RUGER,00
2821,.218 BEE,00
2824,.218 ICL BOBCAT,00
2822,.218 IMPROVED BEE,00
2823,.218 MASHBURN BEE,00
2827,.219 DONALDSON WASP,00
2828,.219 ICL WOLVERINE,00
2829,.219 STINGRY,00
2826,.219 ZIP IMP (ACKLEY),00
2825,.219 ZIPPER,00
3559,.22 BB CAP,00
3558,.22 BB CAP,00
2577,.22 BR REM,00
3452,.22 CB CAP,00
3604,.22 CHEETAH,00
3457,.22 CREEDMOOR,00
3146,.22 DASHER,00
1519,.22 EXTRA LONG,00
1520,.22 EXTRA LONG,00
3521,.22 GT,00
597,.22 HORNET,00
1929,.22 HORNET,00
259,.22 HORNET,00
3178,.22 HORNET,00
810,.22 HORNET / .30-06 SPRING,00
815,.22 HORNET / .410BR,00
1834,.22 HORNET / 12GA,00
814,.22 HORNET / 16GA,00
1667,.22 HORNET / 20GA,00
3649,.22 HORNET / 28GA,00
1521,.22 ILARCO (.22 SMR),00
2788,.22 K-HORNET,00
3292,.22 LONG,00
1526,.22 LONG  RIFLE,00
501,.22 LONG / LR (PISTOL),00
1962,.22 LONG RIFLE (LR),00
3724,.22 LONG/LR(PIST)(RIF/CARB)COM,00
301,.22 LR / .410BR,00
3441,.22 LR / .44 SHOTSHELL,00
3313,.22 LR /8X60MM S/16GA,00
497,.22 LR/.22 MAG (WMR),00
3676,.22 LR/7X57MM MAUS(7MM MAUS),00
836,.22 M1 CAR(.30 CARB)ADAP,00
826,.22 MAG / 12GA,00
703,.22 MAG / 20GA,00
811,.22 MAG / 410BR,00
721,.22 MAG/7X57MM MAUS/16GA,00
1806,.22 MAG/7X65R BRENN/16GA,00
3552,.22 MAGNUM,00
3709,.22 MAGNUM,00
3384,.22 NOSLER,00
3388,.22 NOSLER,00
1859,.22 PPC,00
1527,.22 REM AUTOMATIC,00
3704,.22 RIM FIRE,00
2283,.22 S/L/LR (BLANK),00
2112,.22 S/L/LR (BLANK),00
2470,.22 S/L/LR (BLANK),00
553,.22 S/L/LR /.410 BORE,00
261,.22 SAVAGE HP(5.6X52R),00
263,.22 SHORT,00
485,.22 SHORT,00
592,.22 SHORT,00
401,.22 SHORT/LONG/LR,00
262,.22 SHORT/LONG/LR,00
2409,.22 SHORT/LONG/LR,00
1807,.22 SHOTGUN,00
3154,.22 WIN AUTOMATIC,00
1528,.22 WIN AUTOMATIC,00
3312,.22 WIN CENTERFIRE(WCF),00
593,.22 WIN MAG RIM,00
106,.22 WIN MAG RIM,00
498,.22 WIN MAG RIM,00
3432,.22 WIN MAG RIM,00
3393,.22 WIN MAG RIM / .410 BR,00
1533,.22 WIN RIMFIRE (WRF),00
2153,.22 WMR / 12GA,00
3372,.22 WMR/7X65R BRENN/20GA,00
3520,.22 XC,00
3107,.22-243 MIDDLESTEAD,00
2485,.22-250 ACKLEY IMP,00
2227,.22-250 REM,00
2794,.22/.38 DARDICK TROUND,00
260,.220 SWIFT,00
5,.221 REM FIREBALL,00
502,.221 REM FIREBALL,00
2606,.222 EICHHORN LYNX,00
2604,.222 REM,00
1933,.222 REM,00
807,.222 REM / .30-06 SPRING,00
325,.222 REM / .410BR,00
3058,.222 REM / 12GA,00
2610,.222 REM / 16GA,00
602,.222 REM / 20GA,00
2607,.222 REM IMP,00
264,.222 REM MAG,00
2605,.222 REM MAG,00
364,.222 REM MAG / 16GA,00
2608,.222 REM MAG IMP,00
2609,.222 REM RIMMED,00
2970,.223 ACKLEY IMPROVED,00
2789,.223 ACKLEY IMPROVED,00
3068,.223 REM,00
2310,.223 REM,00
2790,.223 REM,00
1784,.223 REM,00
2325,.223 REM (BLANK),00
2071,.223 REM (BLANK),00
3179,.223 REM / 12GA,00
3383,.223 REM / 16GA,00
822,.223 REM / 20GA,00
2438,.223 WSSM,00
3677,.223 WYLDE,00
3550,.223 WYLDE,00
3627,.224 AFRICAN,00
2796,.224 GNR,00
3138,.224 VALKYRIE,00
3309,.224 VALKYRIE,00
8,.224 WBY MAG,00
9,.225 WIN,00
2831,.228 ACKLEY MAG,00
2832,.228 R&M HAWK,00
2830,.228 WBY MAG,00
353,.22LR / 12GA,00
797,.22LR / 14GA,00
302,.22LR / 16GA,00
314,.22LR / 20GA,00
3493,.22LR / 24GA,00
1969,.22LR / 28GA,00
755,.22LR / 9MM SHOT,00
11,.230 ACKLEY,00
903,.230 POCKET REVOLVER,00
2833,.236 NAVY,00
2834,.236 REM,00
2835,.236 USN RIMMED,00
2251,.240 APEX,00
2209,.240 WBY MAG,00
2837,.242 BELT RIM H&H,00
2836,.242 RIMLESS NITRO EXP,00
2403,.243 ACKLEY IMP,00
1785,.243 WIN,00
3479,.243 WIN,00
2088,.243 WSSM,00
675,.243WIN / 12GA,00
823,.243WIN / 16GA,00
1830,.243WIN / 20GA,00
2846,.244 DURHAM MAG,00
2842,.244 H&H BELT RIM MAG,00
2843,.244 H&H MAG,00
2840,.244 HALGER MAG,00
2841,.244 HALGER RIMMED,00
2844,.244 MASHBURN,00
2838,.244 REM,00
2839,.244 REM IMP (ACKLEY),00
2845,.244 REM IMP(MASHBURN),00
16,.246 PURDEY,00
403,.25 ACP (6.35MM BROW),00
503,.25 ACP (6.35MM BROW),00
3628,.25 CREEDMOOR,00
2574,.25 PINFIRE,00
3489,.25 SHERMAN SHORT TAC(.25SST),00
2286,.25 WSSM,00
3517,.25 XC,00
2568,.25-06 ACKLEY IMP,00
277,.25-06 REM,00
2803,.25-20 MARLIN,00
2804,.25-20 SINGLE SHOT,00
2802,.25-20 WIN (WCF),00
3438,.25-20 WIN (WCF) / 20GA,00
3389,.25-20 WIN (WCF) / 28GA,00
3007,.25-25 STEVENS,00
3008,.25-25 STEVENS / 12GA,00
367,.25-25 STEVENS / 20GA,00
2801,.25-303 EPPS,00
2065,.25-35 WIN (WCF),00
340,.25-35 WIN (WCF) / 12GA,00
760,.25-35 WIN (WCF) / 28GA,00
617,.25-35 WIN / 16GA,00
2175,.25/270 ICL RAM,00
2800,.25/303 BRITISH,00
1988,.250 SAVAGE (250-3000),00
3614,.250 SAVAGE (250-3000),00
1515,.250/3000 ACKLEY IMP,00
2847,.255 BANSHEE,00
2849,.255 GS,00
2848,.255 JEFFERY ROOK,00
2853,.256 FRASER FLANGED,00
2854,.256 FRASER RIMLESS,00
2855,.256 GIBBS MAG,00
2793,.256 MANNLICHER,00
2852,.256 MANNLICHER,00
2792,.256 NEWTON,00
2798,.256 NEWTON,00
2850,.256 NEWTON,00
2856,.256 SWIFT FLANGED,00
2857,.256 SWIFT RIMLESS,00
2851,.256 WIN MAG,00
2791,.256 WIN MAG,00
2797,.256 WIN MAG,00
2858,.257 ACKELY IMP,00
2860,.257 ARCH,00
2866,.257 BAKER MAG,00
2867,.257 BENNET MAG,00
2868,.257 BIG HORN,00
2869,.257 CONDOR,00
2870,.257 CRITSER MAG,00
2871,.257 DURHAM JET,00
2859,.257 JDJ,00
2861,.257 KIMBER,00
3088,.257 KOEVOET,00
2864,.257 MINI DREADNAUGHT,00
2863,.257 RAPTOR,00
2057,.257 ROBERTS,00
2437,.257 ROBERTS,00
2865,.257 SHARPS,00
2862,.257 STW,00
2210,.257 WBY MAG,00
3632,.257-300 PRC,00
2805,.26 BSA,00
2807,.26 EPPS,00
2806,.26 NOSLER,00
2537,.260 ACKLEY IMP (AI),00
2543,.260 LAZER,00
1877,.260 REM,00
1861,.260 REM,00
2945,.263 EXP,00
791,.263 EXP / 12GA,00
2874,.264 CONNELL SHORT MAG,00
2875,.264 DURHAM MAG,00
2873,.264 HAWK,00
2876,.264 HOLLIS,00
2872,.264 LBC-AR,00
2878,.264 PMS,00
2879,.264 SALISBURY,00
2877,.264 WILLIAMS,00
2338,.264 WIN MAG,00
156,.265 MANNLICHER,00
2799,.267 REM,00
3631,.27 RIMFIRE,00
2366,.270 IHMSA,00
2363,.270 JDJ,00
2555,.270 MAX,00
3060,.270 REDDING,00
2364,.270 REN,00
3416,.270 SABI,00
2362,.270 SAVAGE,00
2455,.270 TOMBI,00
2017,.270 WBY MAG,00
2971,.270 WIN,00
1786,.270 WIN,00
2365,.270 WIN,00
3529,.270 WIN / 12GA,00
2368,.270 WIN / 7X65R,00
2039,.270 WIN SHORT MAG,00
285,.270/.308,00
2885,.275 BLAND MAX,00
2881,.275 FLANGED MAG,00
2242,.275 H&H MAG,00
2883,.275 HOFFMAN MAG,00
2884,.275 JEFFERY ROOK,00
2882,.275 NO. 2 MAG,00
2880,.275 RIGBY,00
2888,.276 B-J EXP,00
2889,.276 CARLSON MAG,00
2890,.276 ELEY M.R.,00
2886,.276 ENFIELD,00
2887,.276 PETERSEN,00
3717,.277 SIG FURY,00
3715,.277 SIG FURY,00
3716,.277 SIG FURY,00
3024,.28 NOSLER,00
3486,.28 SHERMAN MAG(28SM),00
2564,.280 ACKLEY IMP,00
2814,.280 BRITISH,00
2815,.280 DUBIEL,00
2809,.280 FLANGED,00
2812,.280 GNR,00
2817,.280 HALGAR MAG,00
2816,.280 HALGAR ULTRA II,00
2811,.280 HAWK,00
2813,.280 JDJ,00
2810,.280 JEFFERY,00
2092,.280 REM,00
2808,.280 ROSS (.280 RIMLESS),00
2818,.280 WESTLY & RICHARDS,00
3265,.284 SHEHANE,00
3447,.284 WIN,00
26,.284 WIN,00
3465,.295 ROOK,00
437,.297 RIM-FIRE,00
3053,.297/.230 (MORRIS) LONG,00
3052,.297/.230 (MORRIS) SHORT,00
3544,.297/.250 ROOK,00
3555,.297/.250 ROOK / .410 BORE,00
3675,.30 (7.65MM) LUGER,00
2440,.30 BR(BENCHREST),00
3700,.30 BRX,00
404,.30 CARBINE,00
2314,.30 CARBINE (BLANK),00
265,.30 CARBINE(7.62X33MM),00
2956,.30 CARBINE(7.62X33MM),00
505,.30 CARBINE(7.62X33MM),00
1899,.30 HART,00
3428,.30 HERRETT,00
3192,.30 NEWTON,00
3051,.30 NOSLER,00
2097,.30 PINFIRE,00
2129,.30 R BLASER (7.62X68MM R),00
28,.30 REM,00
3425,.30 REM,00
2458,.30 REM (BLANK),00
3487,.30 SHERMAN MAG(.30SM),00
2349,.30 TC,00
2399,.30 WAGSAL,00
3703,.30 XARC,00
1858,.30-.378 WBY MAG,00
3371,.30-.378 WBY MAG IMP,00
2021,.30-06 ACKLEY IMPROVED,00
2619,.30-06 JDJ,00
2264,.30-06 SPR... (BLANK),00
3482,.30-06 SPR/.375 H&H MAG/20GA,00
3106,.30-06 SPRING / 12GA,00
834,.30-06 SPRING / 16GA,00
3423,.30-06 SPRING / 20GA,00
3174,.30-06 SPRINGFIELD,00
2330,.30-06 SPRINGFIELD,00
2173,.30-06 SPRINGFIELD,00
275,.30-06 SPRINGFIELD,00
3193,.30-284 WIN,00
2947,.30-30 WESSON,00
596,.30-30 WIN,00
266,.30-30 WIN,00
2552,.30-30 WIN,00
714,.30-30 WIN / 12GA,00
351,.30-30 WIN / 16GA,00
813,.30-30 WIN / 20GA,00
1886,.30-338 WIN MAG,00
1864,.30-40 KRAG,00
2462,.30-40 KRAG (BLANK),00
2584,.300 AAC BLACKOUT,00
2542,.300 AAC BLACKOUT,00
2583,.300 AAC BLACKOUT,00
3044,.300 AAI,00
3696,.300 ADRIAN,00
3375,.300 BLACKOUT,00
2434,.300 BLACKOUT,00
2425,.300 BLASER MAG,00
2441,.300 DAKOTA,00
268,.300 H&H MAG,00
3164,.300 H&H MAG / 12GA,00
3500,.300 JARRETT,00
2567,.300 LAPUA MAG,00
2978,.300 NORMA MAG,00
3440,.300 NORMA MAG IMPROVED,00
3530,.300 PEGASUS,00
3429,.300 PRC,00
2435,.300 RCM,00
1917,.300 REM ULTRA MAG,00
3434,.300 ROOK,00
2022,.300 RSAUM,00
267,.300 SAVAGE,00
3491,.300 SHERMAN SHORT(.300 SS),00
1898,.300 SHERWOOD,00
3113,.300 SHERWOOD / .410 BR,00
3144,.300 SHERWOOD / 12GA,00
3298,.300 SHERWOOD / 20GA,00
3629,.300 SHERWOOD / 28 GA,00
3539,.300 TOMBI,00
270,.300 WBY MAG,00
3275,.300 WHISPER,00
1840,.300 WHISPER,00
2459,.300 WHISPER,00
269,.300 WIN MAG,00
3273,.300 WIN MAG,00
2174,.300 WIN MAG,00
3553,.300 WIN MAG / 28GA,00
1987,.300 WIN SHORT MAG,00
2105,.303 (BLANK),00
2109,.303 (BLANK),00
802,.303 BRIT / .410BR,00
3001,.303 BRIT / 12GA,00
633,.303 BRIT / 12GA / 16GA,00
734,.303 BRIT / 14GA,00
343,.303 BRIT / 16GA,00
1732,.303 BRIT / 20GA,00
754,.303 BRIT / 28GA,00
1975,.303 BRIT IMP,00
29,.303 BRITISH,00
1963,.303 BRITISH,00
3638,.303 BRITISH,00
3531,.303 BRITISH,00
3394,.303 EPPS,00
2620,.303 MAG,00
272,.303 SAVAGE,00
3439,.303 SAVAGE / 12GA,00
3215,.303/08 JOUBERT,00
3124,.307 GNR,00
1001,.307 WIN,00
1927,.308 NETGEWEER,00
271,.308 NORMA MAG,00
3018,.308 WIN,00
3014,.308 WIN,00
1502,.308 WIN,00
30,.308 WIN,00
2127,.308 WIN (BLANK),00
3172,.308 WIN / 12GA,00
3005,.308 WIN MATCH,00
1507,.309 JDJ,00
3463,.309 JDJ,00
3613,.30X47 LAPUA,00
3645,.31 VOLCANIC,00
2154,.310 CADET,00
588,.310 HUMANE KILLER,00
3283,.310 REM,00
221,.310 REM,00
32,.318 RIMLESS NITRO EXP,00
2165,.32 (BLANK),00
506,.32 ACP,00
2239,.32 ACP,00
3484,.32 CK (HUMANE KILLER),00
2616,.32 EXTRA LONG,00
2124,.32 EXTRA SHORT RIM,00
2613,.32 H&R MAG,00
3013,.32 LARGO,00
1554,.32 LONG,00
3235,.32 LONG COLT,00
2614,.32 LONG RIFLE (LR),00
2272,.32 PINFIRE,00
33,.32 REM,00
1770,.32 RIM-FIRE,00
3218,.32 RIM-FIRE,00
1920,.32 S&W (.32 SHORT),00
2163,.32 S&W (BLANK),00
3216,.32 S&W LONG,00
1896,.32 S&W LONG,00
3251,.32 S&W LONG / 20GA,00
3281,.32 WIN SPL (WS),00
1564,.32 WIN SPL (WS),00
3272,.32-20 MARLIN,00
1697,.32-20 WIN (WCF),00
288,.32-20 WIN (WCF),00
1958,.32-20 WIN (WCF),00
435,.320 REVOLVER,00
3511,.320 REVOLVER,00
2553,.320 RF,00
3404,.325 WIN SHORT MAG,00
2082,.325 WIN SHORT MAG,00
3468,.327 FED MAG,00
3618,.33 NOSLER,00
34,.33 WIN,00
3518,.33 XC,00
1842,.330 DAKOTA,00
3127,.330 MCFARLANE MAG,00
35,.333 JEFFREY,00
3605,.333 JEFFREY / 12GA,00
3403,.338 ALLEN MAGNUM,00
3723,.338 ARC,00
2423,.338 BLASER MAG,00
3402,.338 CHEYTAC,00
2979,.338 EDGE,00
3596,.338 ENABELR,00
3451,.338 ENABLER,00
3503,.338 FEDERAL,00
3131,.338 FEDERAL,00
2077,.338 GNR,00
1741,.338 JDJ,00
2327,.338 LAPUA (BLANK),00
3103,.338 LAPUA IMPROVED,00
1878,.338 LAPUA MAG,00
3282,.338 LAPUA MAG,00
2528,.338 NORMA MAG,00
2266,.338 RCM,00
1935,.338 REM ULTRA MAG,00
1915,.338 SABI,00
3492,.338 SHERMAN SHORT(.338 SS),00
1914,.338 ULTRA MAG,00
2561,.338 UMFEZI,00
36,.338 WIN MAG,00
3578,.338 WIN MAG / 12GA,00
3483,.338-.375 H&H ACKLEY IMP,00
1612,.338-06(.338-06 A-SQUARE),00
2345,.338-300 H&H MAG,00
3679,.338-300 PRC,00
3507,.338-300 WSM,00
1626,.338-378 WBY MAG,00
37,.340 WBY MAG,00
38,.348 WIN,00
39,.35 REM (8.9X49MM),00
507,.35 S&W,00
2081,.35 WHELEN,00
3708,.35 WHELEN,00
3701,.35 WINCHESTER (WCF),00
2402,.35/284 WIN,00
2350,.350 GNR,00
3467,.350 LEGEND,00
3571,.350 LEGEND,00
3710,.350 LEGEND,00
297,.350 REM MAG,00
2535,.350 RIGBY MAG,00
96,.351 WIN SELF-LOADING,00
1538,.356 WIN,00
2367,.356 WIN,00
2680,.357 AUTO MAG,00
3176,.357 HERRETT,00
158,.357 MAG,00
406,.357 MAG,00
1797,.357 MAG,00
2114,.357 MAG (BLANK),00
3726,.357 MAG/9MM PAR,00
2353,.357 MAXIMUM,00
2247,.357 MAXIMUM,00
909,.357 MAXIMUM,00
1728,.357 SIG,00
2356,.357 SIG,00
3508,.358 JDJ,00
1989,.358 NORMA MAG,00
3418,.358 ROOKIE,00
40,.358 WIN,00
41,.360 DAN WESSON (DW),00
2048,.360 DAN WESSON (DW),00
2223,.360 EXPRESS,00
659,.360 NIT EXP / 16GA,00
3671,.360 NITRO FOR BP,00
3190,.360 NO 5,00
2063,.360 NO 5 ROOK,00
3697,.366 GNR,00
42,.369 NIT EXP (PURDEY),00
3519,.37 XC,00
2303,.370 SAKO MAG,00
3132,.375 ACKLEY IMPROVED,00
3039,.375 ALLEN MAGNUM,00
3401,.375 BELTED RIMLESS MAG NE,00
2424,.375 BLASER MAG,00
3006,.375 CHEYTAC,00
2558,.375 DAKOTA,00
3595,.375 ENABELR,00
3195,.375 EXPRESS,00
2315,.375 FLANGED NITRO EXP,00
2944,.375 H&H FLANGED MAG,00
283,.375 H&H MAG (9.5X72B),00
821,.375 H&H MAG / 12GA,00
819,.375 H&H MAG / 20GA,00
1835,.375 H&H MAG /.450 ACK,00
3533,.375 HELLFIRE,00
3151,.375 JDJ,00
3150,.375 JDJ,00
3608,.375 MAG,00
3584,.375 RAPTOR,00
2009,.375 REM ULTRA MAG,00
3386,.375 RIMLESS NE,00
2128,.375 RUGER,00
3506,.375 SM,00
3061,.375 SNIPE TAC,00
284,.375 WBY MAG,00
3545,.375 WHELEN AI,00
3020,.375 WIN,00
3622,.375 WIN SHORT MAG,00
3515,.375 XC,00
3448,.375-.300 WIN SHORT MAG(WSM),00
2080,.375-06 JDJ,00
3196,.375/454 JDJ WOODSWALKER,00
3514,.375XC,00
1978,.376 STEYR,00
44,.378 WBY MAG,00
2233,.38 (BLANK),00
3149,.38 AUTOMATIC (.38 ACP),00
1916,.38 EXTRA LONG,00
3427,.38 LARGO,00
3236,.38 LONG COLT,00
"3226,"".38 LONG, CENTERFIRE"",00"
2149,.38 PINFIRE,00
3455,.38 RIMFIRE,00
3616,.38 RIMFIRE,00
407,.38 S&W,00
2148,.38 S&W,00
3022,.38 S&W,00
2103,.38 S&W (BLANK),00
3431,.38 SHORT,00
3430,.38 SHORT COLT,00
589,.38 SPECIAL,00
295,.38 SPECIAL,00
495,.38 SPECIAL,00
2260,.38 SPL (BLANK),00
100,.38 SPL/.357 MAG,00
499,.38 SPL/.357 MAG,00
591,.38 SUPER,00
3263,.38 SUPER COMP,00
1726,.38-40 WIN,00
388,.38-55WIN / 12GA,00
3706,.38-56 WIN (WCF),00
2352,.38-72 WIN,00
1669,.38/55 WIN,00
3191,.380,00
2358,.380 ACP,00
1671,.380 ACP,00
1879,.380 SHORT/LONG,00
2166,.38SPL (BLANK),00
902,.38SPL/9MM PAR/.357 MAG,00
438,.40 S&W,00
3466,.40 S&W,00
2355,.40 S&W,00
1752,.40 S&W,00
1695,.40-110 WIN EXP,00
1757,.40-44 WOODSWALKER,00
3399,.40-60 WIN,00
3221,.40-65 WIN,00
3630,.40-70 WCF,00
2030,.40-82 WIN,00
1820,.400 BLACK POWDER,00
1837,.400 COR-BON,00
2123,.400 H & H MAG,00
1731,.400 JEFF EXP / 16GA,00
273,.400 JEFFERY EXPRESS,00
3683,.400 PURDEY(3-INCH) LIGHT EXP,00
2295,.400 TEMBO,00
2439,.400/.360 NIT EXP,00
309,.400/.375 COMBINATION,00
3644,.400/.375 H&H NE,00
3294,.400/350 NIT EXP / 20GA,00
2306,.400/350 NITRO EXPRESS,00
3030,.400/350 RIGBY,00
2769,.401 HERTER POWERMAG,00
1777,.401 MAG,00
2770,.401 WIN SELFLOADING,00
2773,.401 WIN SELFLOADING,00
3655,.402 ENFIELD-MARTINI,00
2771,.404 B.J EXPRESS,00
3435,.404 DAKOTA,00
2125,.404 JEFFERY,00
3694,.404 JEFFERY (BLANK),00
662,.404 JEFFERY / 12GA,00
619,.404 JEFFERY / 16GA,00
2772,.404 JEFFERY RIMLESS,00
97,.405 WIN,00
638,.405 WIN / 12GA,00
2429,.408 CHEY TAC,00
2726,.41 ACTION EXPRESS,00
2755,.41 ACTION EXPRESS,00
2756,.41 LONG,00
2727,.41 LONG,00
2749,.41 LONG COLT,00
2757,.41 LONG COLT,00
2728,.41 LONG COLT,00
1708,.41 MAG,00
2411,.41 REM MAG,00
2729,.41 REM MAG,00
2412,.41 REM MAG,00
3182,.41 RIMFIRE (RF),00
2730,.41 SHORT (DERRINGER),00
2758,.41 SHORT COLT,00
2750,.41 SHORT COLT,00
2731,.41 SHORT COLT,00
2732,.41 SPECIAL,00
2759,.41 SPECIAL,00
2733,.41 SWISS,00
2760,.41 SWISS,00
3516,.41 XC,00
820,.410 AIR POWERED,00
526,.410 BORE,00
201,.410 BORE,00
3673,.410 BORE,00
2285,.410 BORE (BLANK),00
2078,.410 GNR,00
750,.410BR / 10GA,00
360,.410BR / 12GA,00
352,.410BR / 16GA,00
689,.410BR / 20GA,00
667,.410BR / 24GA,00
641,.410BR / 8GA,00
2765,.411 EXPRESS,00
2766,.411 HAWK,00
2734,.411 JDJ,00
2764,.411 JDJ,00
3159,.411 KDF,00
2752,.416 BARNES,00
2735,.416 BARNES,00
3023,.416 BARRETT,00
3538,.416 BARRETT,00
2736,.416 DAKOTA,00
2753,.416 DAKOTA,00
3409,.416 FLANGED MAG,00
3532,.416 HELLFIRE,00
2737,.416 HOFFMAN,00
2754,.416 HOFFMAN,00
1591,.416 REM MAG,00
2738,.416 REM MAG,00
1924,.416 RIGBY,00
1817,.416 RIGBY,00
2318,.416 RUGER,00
3713,.416 STROKER,00
1984,.416 TAYLOR,00
2739,.416 WBY MAG,00
1776,.416 WEATHERBY MAG,00
3681,.423 LUCAS,00
2774,.425 EXPRESS,00
2776,.425 LEE MAG,00
2775,.425 WEST RICHARDS MAG,00
3213,.43 EGYPTIAN,00
3698,.430 GNR,00
2777,.430 JDJ,00
2778,.430 SJS,00
2106,.44 (BLANK),00
2316,.44 AUTO MAG,00
3250,.44 BULL DOG,00
3307,.44 COLT,00
2714,.44 COLT,00
1575,.44 EXTRA LONG RIM-FIRE,00
3308,.44 HENRY FLAT,00
3657,.44 M & H (MERWIN & HULBERT),00
3211,.44 MAG,00
279,.44 MAG,00
905,.44 MAG (.44 REM MAG),00
2262,.44 MAG (BLANK),00
2108,.44 MAG (BLANK),00
3406,.44 MAG / .410BR,00
1543,.44 MAGNUM,00
3217,.44 RIM-FIRE,00
3382,.44 S&W MAG,00
2717,.44 S&W RUSSIAN,00
2391,.44 S&W RUSSIAN,00
2715,.44 S&W SPL,00
1510,.44 S&W SPL,00
3317,.44 WCF,00
3184,.44 WEBLEY,00
2716,.44 WEBLEY,00
3672,.44 WEBLEY/442 RIC,00
2261,.44-40 (BLANK),00
2740,.44-40 EXTRA LONG,00
3585,.44-40 EXTRA LONG/.410 BORE,00
2741,.44-40 MARLIN,00
2742,.44-40 WIN(.44 WCF),00
274,.44-40 WIN(.44 WCF),00
1866,.44-75 BALLARD EVERLAS,00
2484,.440 AFRICAN,00
317,.440 AFRICAN / 16GA,00
3128,.440 MCFARLANE EXP,00
439,.442,00
3209,.442 WEBLEY,00
3562,.444 MARLIN,00
52,.444 MARLIN,00
1562,.444 MARLIN,00
179,.445 SUPER MAG,00
3471,.445 SUPER MAG,00
471,.445 SUPER MAG,00
2457,.45 (BLANK),00
2428,.45 (BLANK),00
2104,.45 (BLANK),00
2228,.45 ACP,00
1769,.45 ACP,00
511,.45 ACP,00
1850,.45 ACP,00
2284,.45 ACP (BLANK),00
3424,.45 ACP/.45 COLT / .410,00
2185,.45 ACP/.45 LONG COLT,00
2001,.45 BLASER,00
550,.45 COLT/.410 BORE,00
2505,.45 COLT/LONG COLT,00
2418,.45 COLT/LONG COLT,00
2573,.45 COLT/LONG COLT/.410,00
2506,.45 COLT/LONG COLT/.410,00
2037,.45 GAP,00
3305,.45 LC/.454 CASULL/.410BR,00
3233,.45 S&W,00
3100,.45 WEBLEY,00
1944,.45 WIN MAG,00
3111,.45- 70/90/120,00
1955,.45-100 BALLARD,00
1954,.45-100 REMINGTON,00
1845,.45-100 SHARPS,00
1939,.45-110 SHARPS,00
1953,.45-120 SHARPS,00
1956,.45-125 WCF,00
1982,.45-60 WIN,00
2713,.45-70 GOVERNMENT,00
2414,.45-70 GOVERNMENT,00
3090,.45-70 GOVERNMENT,00
3396,.45-70 GOVERNMENT/12GA,00
2712,.45-70 VAN CHOATE,00
1957,.45-70 VAN CHOATE,00
1696,.45-75 WCF,00
1621,.45-85-285,00
2089,.45-90 SHARPS,00
1668,.45-90 WCF,00
2122,.450 (BLANK),00
2176,.450 (BLANK),00
"3374,"".450 3 1/4"""" BP EXP"",00"
"3369,"".450 3 1/4"""" NE"",00"
1881,.450 ACKLEY MAG,00
2718,.450 ACKLEY MAGUM,00
3691,.450 ADAMS,00
2748,.450 ADAMS,00
2725,.450 ADAMS,00
2719,.450 ALASKAN,00
2720,.450 ASSEGAI,00
1926,.450 ASSEGAI,00
1823,.450 BLACK POWDER EXP,00
3577,.450 BUSHMASTER,00
3048,.450 BUSHMASTER,00
2722,.450 DAKOTA,00
2580,.450 ELEY,00
3601,.450 G&A SHORT MAG,00
1733,.450 MAJOOR,00
2747,.450 MARLIN,00
2723,.450 MARLIN,00
3062,.450 MARLIN,00
3258,.450 MART HENRY / 12GA,00
3342,.450 MARTINI HENRY,00
2721,.450 MASHBURN MAG,00
3049,.450 MONKEY TAIL,00
3102,.450 NE / 12GA,00
2159,.450 NITRO EXPRESS,00
3284,.450 NO 1 MUSKET,00
3120,.450 NO 2 MUSKET,00
3119,.450 NO 2 MUSKET / 12GA,00
3116,.450 NO 2 MUSKET / 16GA,00
3045,.450 NO2 NITRO EXPRESS,00
3167,.450 REVOLVER,00
1936,.450 RIGBY,00
2724,.450 RIGBY,00
3591,.450 RIGBY MATCH / 16GA,00
1690,.450 WATTS MAG,00
3033,.450 WEBLEY,00
904,.450/.455,00
294,.450/.577,00
"3357,"".450/400 3 1/4"""" BP EXP"",00"
"2763,"".450/400 3 1/4"""" MAG NE"",00"
2972,.450/400 BPE / 12GA,00
3180,.450/400 BPE / 28GA,00
"2762,"".450/400 MAG NE (3"""")"",00"
"2761,"".450/400 NIT (2 3/8"""" BP)"",00"
119,.451 DETONICS (MAGNUM),00
2064,.454 CASULL,00
411,.454 CASULL,00
2073,.454 CASULL,00
2111,.455 (BLANK),00
2746,.455 COLT,00
3094,.455 ELEY,00
3253,.455 ELEY,00
3021,.455 REVOLVER MK II,00
2745,.455 WEBLEY,00
3392,.455 WEBLEY  / 12GA,00
512,.455 WEBLEY AUTOMTIC,00
906,.455/.476,00
1796,.455/.577,00
2155,.458 AFRICAN EXPRESS,00
1990,.458 EXPRESS,00
"1967,"".458 EXPRESS 3"""""",00"
1968,.458 LOTT,00
2554,.458 SOCOM (11.63Ã40MM),00
2586,.458 SOCOM (11.63Ã40MM),00
2744,.458 SOCOM(11.63Ã40MM),00
3509,.458 WIN,00
280,.458 WIN MAG,00
2743,.458 WIN MAG,00
1977,.458 WIN MAG,00
3473,.458X1.5-INCH BARNES,00
3474,.458X1.5-INCH BARNES,00
2786,.460 A-SQUARE SHORT,00
2785,.460 ALLIANCE,00
2377,.460 BAUER,00
3602,.460 G&A,00
2212,.460 G&A MAG,00
2787,.460 G&A SPL,00
2452,.460 S&W MAG,00
2492,.460 STEYR,00
2231,.460 WEATHERBY MAG,00
2977,.461 GIBBS NO 1,00
2779,.465 H&H MAG,00
829,.465 H&H MAG / 16GA,00
3560,.470 AFRIKA,00
2767,.470 CAPSTICK,00
2292,.470 NIT EXP / 12GA,00
1751,.470 NITRO EXPRESS,00
2780,.475 A&M MAG,00
2781,.475 ACKLEY MAG,00
2782,.475 JDJ,00
2783,.475 LINEBAUGH,00
462,.475 LINEBURGH,00
2784,.475 NITRO EXPRESS,00
2160,.475 NO 2 JEFF NIT EXP,00
3376,.475 WILDEY MAGNUM,00
3664,.476 ENFIELD,00
413,.476 ENFIELD,00
709,.476 NE / 12GA,00
59,.476 NITRO EXPRESS,00
2002,.480 RUGER,00
2768,.480 RUGER,00
385,.483 / 12GA,00
785,.483 / 16GA,00
1717,.495 A-SQUARE,00
1707,.50 ACTION EXPRESS(AE),00
1815,.50 ACTION EXPRESS(AE),00
3400,.50 ALASKAN,00
1650,.50 BMG (12.7X99),00
3118,.50 BMG (12.7X99),00
1589,.50 BMG (12.7X99),00
2326,.50 BMG (RIFLE) BLANK,00
3580,.50 EXPRESS,00
2685,.50 GI,00
2479,.50 LAZ,00
3173,.50-110 WIN,00
1844,.50-140 SHARPS,00
3169,.50-70 MUSKET (.50 GOVT),00
2126,.50-90 SHARPS,00
2699,.500 A-SQUARE,00
3036,.500 ACCURATE RELOADING,00
2541,.500 EXP (BPE) / 12GA,00
3597,.500 EXP (BPE) / 16GA,00
3449,.500 EXP (BPE) / 20GA,00
2700,.500 EXPRESS (BPE),00
1787,.500 JEFFERY,00
2701,.500 LINEBAUGH,00
2070,.500 LINEBAUGH,00
3568,.500 MDM,00
1804,.500 NITRO,00
2093,.500 NITRO EXPRESS,00
3695,.500 NITRO EXPRESS (BLANK),00
3536,.500 S&W MAGNUM,00
2053,.500 S&W MAGNUM,00
2702,.500 WHISPER,00
3028,.500/.450 NO 2 MUS/12GA,00
3244,.500/.450 NO1/ 2 MUS/16GA,00
1818,.500/416 NITRO EXPRESS,00
2686,.500/450 MAG EXP (BPE),00
2161,.500/450 NITRO EXPRESS,00
2687,.500/450 NO 1 CARBINE,00
2688,.500/450 NO 1 EXPRESS,00
3306,.500/450 NO1 MUSKET,00
2689,.500/450 NO1/NO2 MUSKET,00
3234,.500/450 NO2 MUSKET,00
2008,.500/465 NITRO EXPRESS,00
2698,.505 BARNES SUPREME,00
2289,.505 GIBBS,00
2694,.510 KODIAK EXPRESS,00
2695,.510 NITRO EXPRESS,00
2696,.510 WELLS,00
2697,.510 WHISPER,00
110,.52-70 SHARP,00
382,.52-70 SHARP / 12GA,00
373,.52-70 SHARP / 16GA,00
3270,.539 IN (30BR) COMBUST,00
3222,.55 BOYS,00
2710,.55 MAYNARD,00
2711,.55-100 MAYNARD,00
2948,.550 EXPRESS,00
2274,.550 MAGNUM,00
2706,.56-46 SPENCER,00
2707,.56-50 SPENCER,00
2708,.56-52 SPENCER,00
2709,.56-56 SPENCER,00
2177,.577 (BLANK),00
1819,.577 BP EXP,00
2340,.577 NITRO EXPRESS,00
493,.577 REVOLVER,00
2599,.577 SNIDER,00
3201,.577 SNIDER / 12GA,00
3378,.577 SNIDER / 14GA,00
3279,.577 SNIDER / 16GA,00
2031,.577 TYRANNOSAUR (T-REX),00
3074,.577/450 M HENRY/12 GA,00
1931,.577/450 M HENRY/16GA,00
794,.577/450 M HENRY/20GA,00
1656,.577/450 MARTINI HENRY,00
1897,.577/500 BP EXPRESS,00
313,.577/500 NITRO EXPRESS,00
2600,.577/600 NIT EXP (REWA),00
2703,.58 CARBINE (BERDAN),00
2704,.58 MILLER,00
2705,.58 US MUSKET (BERDAN),00
2693,.585 GEHRINGER,00
2692,.585 NYATI,00
3002,.600 NITRO EXPRESS,00
529,.600 NITRO EXPRESS,00
560,.69 FLINTLOCK,00
1887,.700 NITRO EXPRESS,00
206,10 GA,00
3390,10.3 CAPRA,00
423,10.35MM ORDIN ITAL,00
2507,10.3X60R SWISS,00
2895,10.3X65R MM BAENZIGER,00
3397,10.3X68 MAG,00
2235,10.4MM (BLANK),00
418,10.4MM ITALIAN,00
157,10.4X38R MM SWISS VETT,00
2587,10.4X42R MM VETTERLI,00
2588,10.4X47R MM ITAL VETT,00
476,10.55MM,00
2896,10.57MM MAVERICK,00
2897,10.57MM METEOR,00
2898,10.5X38R MM,00
2899,10.5X47R MM,00
1760,10.5X47RMM / 16GA,00
3419,10.6MM GER ORDIN,00
2891,10.6MM GER ORDIN,00
2892,10.6MM MAUSER,00
2901,10.75X57 MM,00
2900,10.75X58R MM RUS BER,00
3607,10.75X58R MM RUS BER/16GA,00
2902,10.75X63 MM MAUSER,00
2903,10.75X65R MM COLLATH,00
3130,10.75X65R MM COLLATH/12GA,00
3579,10.75X65R MM COLLATH/16GA,00
1572,10.75X68MM MAUSER,00
3175,10.75X68MM MAUSER / 12GA,00
3219,10.75X68MM MAUSER / 16GA,00
2905,10.75X68R MM MAUSER,00
2904,10.75X73 MM,00
2906,10.7MMX57R,00
636,10.8X47R MM MAR / 16GA,00
88,10.8X47R MM MARTINI,00
363,10.8X47RMM MAR / 12GA,00
2907,10.9X40R A MS TARGET,00
2908,10.9X47R B MS TARGET,00
1825,10GA BLACK POWDER,00
2914,10MM A-TECK,00
536,10MM AUTO,00
426,10MM AUTO,00
3648,10MM AUTO,00
2912,10MM AUTO,00
2913,10MM MAG,00
2133,10X22 NON LETH PIST,00
2915,10X47R LORENZ MB TARG,00
1822,10X50R MM SAUER,00
222,11 GA,00
1641,11 GA,00
2917,11.15X52,00
2916,11.15X58R MM AUSTRIAN,00
1659,11.15X58R MM SPAN REM,00
3658,11.15X58R MM SPAN REM / 16GA,00
1698,11.15X60R MAUS / 12GA,00
2032,11.15X60R MAUS / 16GA,00
1599,11.15X60R MM MAUS,00
3286,11.15X65R STA EXP/12GA,00
3285,11.15X65R STA EXP/16GA,00
564,11.25 AUTO,00
1588,11.25X36R MM,00
2240,11.2X60MM SCHULER,00
2918,11.2X72 SCHULER,00
472,11.35MM SCHOUBOE,00
3722,11.3X36MM R,00
2922,11.43X41 PEABODY-MART,00
2923,11.43X49R ROM PEABODY,00
1694,11.43X50R,00
2924,11.43X55R TURKISH,00
2925,11.43X59R TURKISH MAUS,00
2919,11.4X50R MM AUS WERNDL,00
2920,11.4X50R MM BRAZ COMB,00
2921,11.4X51R MM DANISH REM,00
3153,11.5X50R WERDER,00
142,11.5X57R MM SPAN REFOR,00
732,11.5X57RMM SP REF/16GA,00
475,11.6MM,00
420,11.75R MM,00
3581,11.7X51R DANISH,00
2467,11MM (BLANK),00
2927,11MM BELGIAN ALBINI,00
2928,11MM BELGIAN COMBLIAN,00
2929,11MM FRENCH GRAS,00
2893,11MM FRENCH ORD,00
3453,11MM FRENCH ORD,00
2894,11MM GER SER,00
3462,11MM PINFIRE,00
2926,11MM VICKERS,00
1857,11X52R MM NET BEAUMONT,00
1860,11X59R MM,00
3267,11X60MM MAUSER,00
3478,11X60MM MAUSER / 16GA,00
3016,11X60R MM JAP MURATA,00
3198,11X65R COLLATH / C. 1,00
205,12 GA,00
2107,12 GA (BLANK),00
2020,12 GA HOWDAH,00
2451,12.7 MM (BLANK),00
2930,12.7MM BRITISH NO 2,00
2933,12.7X108MM,00
2931,12.7X70MM BARNES,00
2932,12.7X92MM,00
2456,12.7X99 (.50BMG),00
795,12GA / 10GA,00
767,12GA / 4GA,00
831,12GA / 6GA,00
1826,12GA BLACK POWDER,00
2027,12MM PINFIRE,00
449,12MM PINFIRE,00
234,13 GA,00
3160,13.2X92MM,00
1716,13.9X33.5R WANZL,00
230,13MM,00
3223,13X92MM,00
209,14 GA,00
2934,14.5MM JDJ,00
2935,14.5MM WAENZL,00
2936,14.5X33R MM AUS WANZL,00
2937,14.5X41R MM SPAN BER,00
176,14.66X35R MM SERB PEA,00
2938,14.7X58R MM SCHNEIDER,00
711,14GA / 12GA,00
800,14GA/52 COMBINATION,00
1638,15 GA,00
2940,15.24X40R MM KRNKA,00
2941,15.2X110R MM MITRAILLE,00
2939,15.2X28R MM,00
145,15.4MM,00
766,15.4MM / 16GA,00
687,15MM PINFIRE/16GA PINFIRE,00
204,16 GA,00
609,16GA / 10GA,00
357,16GA / 12GA,00
1827,16GA BLACK POWDER,00
217,17 GA,00
3534,17 HORN MAG RIM (HMR),00
1720,20 BR,00
203,20 GA,00
2493,209X50 MAG MUZZLE LOAD,00
381,20GA / 12GA,00
784,20GA / 14GA,00
389,20GA / 16GA,00
233,20MM,00
3686,22 ARC,00
208,24 GA,00
756,24GA / 12GA,00
219,25 GA,00
3661,25X47 LAPUA,00
1921,27MM LINE THROW PISTOL,00
202,28 GA,00
2151,28 GA,00
839,28GA / 16GA,00
163,3.45 RCL (88MM),00
3050,30 BORE TERRY'S PAT,00
3669,300 HAM'R,00
3548,300 SHERWOOD / 16GA,00
207,32 GA,00
2999,32-40,00
3000,32-40 / 12GA,00
3665,320 CF,00
3421,33XC,00
3653,35 LEVER POWER,00
3414,350 (9MM) GEZ,00
3524,375 WARNER,00
1652,37MM STOPPER,00
598,37MM STOPPER,00
2234,37MM STOPPER (BLANK),00
3422,37XC,00
286,38MM STOPPER,00
1922,38MM STOPPER,00
211,4 GA,00
513,4.25MM LILIPUT AUTO,00
2378,4.6X30MM,00
2957,4.6X30MM,00
3693,4.6X30MM (BLANK),00
3575,405 WIN,00
3599,40MM GRENADE LAUNCHER,00
1901,40MM STOPPER,00
3525,416 COLOSSUS,00
3523,416 WARNER,00
1735,44 MM FLASHBALL,00
3181,45-85 WIN,00
534,4MM FLOBERT,00
468,4MM FLOBERT,00
1657,5.45X18MM SOVIET,00
3335,5.45X39MM,00
1873,5.45X39MM,00
2354,5.45X39MM SOVIET,00
3498,5.56X36MM,00
3122,5.56X45MM,00
2471,5.56X45MM,00
1949,5.56X45MM,00
3261,5.56X45MM (BLANK),00
414,5.5MM,00
3165,5.6X35R MM,00
3224,5.6X35R MM,00
1646,5.6X35R MM VIERLING,00
3565,5.6X44R MM,00
3626,5.6X47 LAPUA,00
1555,5.6X50MM MAG,00
3684,5.6X50R MM MAG/.30 R BLASER,00
2690,5.6X50R MM MAGNUM,00
2189,5.6X52R MM (.22 SAV HP),00
1611,5.6X57MM,00
2691,5.6X57R MM,00
2566,5.7X28MM,00
3417,5.7X28MM,00
2259,5.7X28MM,00
3274,5.8X21MM,00
2293,50-95 WIN,00
3721,505/530 WOODLEIGH,00
1918,54 GA,00
565,58,00
3477,5MM BERGMANN,00
2026,5MM PIN-FIRE,00
2523,6 POUNDER,00
3690,6.17MM(.243) LAZZ SPITFIRE,00
2181,6.35MM (BLANK),00
2182,6.35MM BROW (BLANK),00
515,6.35MM BROWNING,00
428,6.35MM BROWNING,00
66,6.3X53R R/K FINNISH,00
771,6.3X53R R/K FINNISH / 12GA,00
2445,6.5 GREN (6.5X39),00
3381,6.5 PRC,00
3485,6.5 SHERMAN SHORT(6.5SS),00
3464,6.5 WIN SHORT MAG(WSM),00
3546,6.5-.270(257) WBY MAG,00
2230,6.5-.280 REM,00
2279,6.5-.284 NORMA,00
1880,6.5-06 A-SQUIRE,00
3067,6.5-06 ACKLEY IMP,00
2220,6.5-08,00
2226,6.5-08 A SQUIRE,00
1627,6.5-300 WBY MAG,00
2044,6.5/.284 WINCHESTER,00
3391,6.5/.303 ADVANCED,00
583,6.55MM,00
463,6.5MM,00
2164,6.5MM (BLANK),00
3043,6.5MM ASM,00
3420,6.5MM BERGMANN,00
3264,6.5MM BR(BENCHREST),00
3504,6.5MM CREEDMOOR,00
2436,6.5MM CREEDMOOR,00
3387,6.5MM CREEDMOOR,00
3040,6.5MM GAP 4S,00
2585,6.5MM GREN (6.5X39MM),00
2544,6.5MM GREND (6.5X39MM),00
3259,6.5MM IHMSA,00
3254,6.5MM JDJ,00
2681,6.5MM MANNLIC-CARCANO,00
2943,6.5MM REM MAG,00
2252,6.5MM REM MAG / 20GA,00
2550,6.5MM REM SAUM,00
3202,6.5MM SUPER LR,00
3561,6.5MM/06,00
3610,6.5SHER SHORT TACT(6.5SST),00
2415,6.5X47 LAPUA,00
1951,6.5X48R MM SAUER,00
1961,6.5X48R MM SAUER / 16GA,00
3316,6.5X50MM ARISAKA,00
1994,6.5X51MM ARISAKA,00
3070,6.5X52 ITALIAN,00
1676,6.5X52R,00
2221,6.5X53R MM MANNLICHER,00
2317,6.5X54 MANN-SCHOENAUER,00
1573,6.5X54MM MAUSER,00
2682,6.5X54R MM MANN-SCHOEN,00
3720,6.5X55MM ACKLEY IMP,00
1660,6.5X55MM SWED MAUS,00
1550,6.5X57MM MAUSER,00
3443,6.5X57RMM MAUSER,00
3300,6.5X57RMM MAUSER / 12GA,00
1678,6.5X57RMM MAUSER / 16GA,00
1556,6.5X58MM MAUSER,00
3015,6.5X58MM PORT(VER MAUS),00
1536,6.5X65R MM RWS,00
2079,6.5X68MM RWS,00
3188,6.5X68MM SCHULER,00
1644,6.5X68R MM RWS,00
1664,6.6X70R MM NIMROD,00
3660,6.8 WESTERN,00
2683,6.8MM REMINGTON SPC,00
2117,6.8MM SPC,00
2684,6.8X57MM CHIN MAUSER,00
2949,6.9X65R PRITZ,00
740,6.9X65R PRITZ / 12GA,00
699,6.9X65R PRITZ / 16GA,00
387,62/78 / 16GA,00
658,67/49 / 16GA,00
213,6MM,00
451,6MM,00
2516,6MM ACKLEY IMP,00
3527,6MM ARC,00
3636,6MM ARC,00
2319,6MM BR REM,00
3269,6MM BR(BENCHREST),00
2045,6MM BR(BENCHREST),00
3535,6MM BRA,00
3047,6MM CREEDMOOR,00
2490,6MM DASHER,00
3162,6MM FLOBERT,00
2973,6MM GAS,00
2975,6MM GAS,00
3454,6MM GT,00
2981,6MM MUSGRAVE,00
2248,6MM NORMA BR,00
3266,6MM PPC,00
2033,6MM PPC,00
2328,6MM REM,00
3490,6MM SHERMAN SHORT TAC(6MM SST),00
2433,6MM SUPER LR,00
2305,6MM XC,00
3446,6MM-.284,00
2513,6MM-.284,00
3583,6MM-06,00
2276,6MM-220 RUSSIAN,00
3606,6MM/22-250 AI,00
3148,6MM/250 WALKER,00
3304,6X.284WIN,00
1654,6X45MM,00
2371,6X47 LAPUA,00
2372,6X57MM MAUSER,00
2389,6X62R MM FRERES,00
3385,6XC TUBB,00
3680,7 SWC,00
1616,7-30 WATERS,00
1908,7-30 WATERS,00
3646,7-6.5 PRCW,00
3678,7.21MM (.284) LAZZERONI FIREBI,00
69,7.35MM ITALIAN CARCANO,00
3280,7.5 FK,00
541,7.55 BREV,00
2463,7.5MM (BLANK),00
70,7.5MM SCHMIDT-RUBIN,00
415,7.5MM SWEDISH / SWISS,00
3377,7.5MMX40R TESCHING/.410 BR,00
2658,7.5X43,00
2465,7.5X54MM (BLANK),00
1772,7.5X54MM FRENCH MAS,00
3445,7.5X54MM FRENCH MAS,00
3633,7.5X55MM SWISS,00
1613,7.5X55MM SWISS,00
2659,7.5X55R,00
2660,7.5X58,00
543,7.60MM,00
2198,7.62 LMG (BLANK),00
2622,7.62 MICRO-WHISPER,00
2187,7.62MM (BLANK),00
444,7.62MM NAG(7.62X38MMR),00
1798,7.62X17MM,00
2624,7.62X24MM,00
2625,7.62X24MM,00
1692,7.62X25MM,00
518,7.62X25MM,00
3336,7.62X25MM,00
2623,7.62X25MM,00
3415,7.62X25MM RUSSIAN TOKAREV,00
2958,7.62X25MM(BLANK),00
2394,7.62X25MM(BLANK),00
2101,7.62X25MM(BLANK),00
2626,7.62X33MM,00
3315,7.62X39MM,00
3115,7.62X39MM,00
2515,7.62X39MM,00
1767,7.62X39MM,00
3407,7.62X39MM (BLANK),00
2072,7.62X39MM (BLANK),00
2628,7.62X40MM,00
2627,7.62X40MM,00
2629,7.62X42MM,00
1567,7.62X45MM CZECH SHORT M52,00
2630,7.62X45MM CZECH SHORT M52,00
980,7.62X51MM,00
3019,7.62X51MM,00
1768,7.62X51MM,00
2130,7.62X51MM (BLANK),00
2197,7.62X53R (BLANK),00
3029,7.62X53R (RUSSIAN),00
1544,7.62X53R (RUSSIAN),00
1913,7.62X53R (RUSSIAN) / 12GA,00
3071,7.62X54R (BLANK),00
3290,7.62X54R (RUSSIAN),00
3231,7.62X54R (RUSSIAN),00
2432,7.62X54R (RUSSIAN),00
3238,7.62X65MM BR,00
2631,7.62X74R MEACHAM,00
2621,7.63 MINI-WHISPER,00
116,7.63 MM MAUSER,00
2312,7.63MM (BLANK),00
3087,7.63MM MANNLICHER,00
1706,7.63MM MANNLICHER,00
519,7.63X25MM MAUSER,00
429,7.65MM,00
3287,7.65MM,00
520,7.65MM,00
2186,7.65MM (BLANK),00
2464,7.65MM (BLANK),00
1705,7.65MM BORCHARDT,00
1703,7.65MM MASJIEN PISTOL,00
1872,7.65MM PAR (7.65X21MM),00
1704,7.65MM ROTH-SAUER,00
2632,7.65X20MM(FREN LONGUE),00
3314,7.65X32 MANN PISTOL CARB,00
1701,7.65X53MM ARGEN MAUSER,00
1778,7.65X54R,00
2633,7.65X61MM MARINE ARGEN,00
574,7.6MM,00
2661,7.6X60R,00
2952,7.7X54R,00
3637,7.7X54RMM/12 GA,00
1723,7.7X58MM ARISAKA (JAP),00
121,7.82 PATRIOT,00
2095,7.82 WARBIRD,00
3229,7.8X21MM (AIR CARTRIDGE),00
2662,7.8X45R RUBIN,00
2663,7.92MM CETME,00
75,7.92MM DS,00
3212,7.92X33 KURZ,00
1900,7.92X33 KURZ,00
3069,7.92X57MM MAUSER,00
3227,7.92X57MM MAUSER,00
1808,7.92X57MM MAUSER,00
2664,7.92X57R SCHWARZLOSE,00
2665,7.92X61 NORWEGIAN,00
2666,7.92X94,00
2232,7.9MM (BLANK),00
2950,7.9X57MM J,00
3405,7.9X57MM J (BLANK),00
2951,7.9X57MM JS,00
3220,7.9X57MM JS (BLANK),00
216,7MM,00
2634,7MM ACKLEY MAG,00
3059,7MM BENCHREST REM,00
2635,7MM BENCHREST REM,00
2422,7MM BLASER MAG,00
2636,7MM BSA AUTO (7X60MM),00
2637,7MM CANADIAN MAG,00
2638,7MM DAKOTA,00
2639,7MM ELEY EXP (7X63MM),00
3299,7MM EXPRESS REM,00
3712,7MM FLOBERT,00
2640,7MM GIBBS,00
2641,7MM ICL TORILLA,00
2642,7MM ICL WAPITI,00
3256,7MM IHMSA,00
3255,7MM IHMSA,00
3183,7MM INTERNAT RIMMED,00
2643,7MM INTERNAT RIMMED,00
2644,7MM JDJ,00
2645,7MM JDJ NO2,00
2646,7MM JRS,00
3147,7MM LONG RANGE MAG(7LRM),00
2612,7MM NAMBU,00
425,7MM PINFIRE,00
2647,7MM PPC,00
3472,7MM PRACTICAL,00
3588,7MM PRC,00
281,7MM REM MAG,00
3365,7MM REM MAG,00
1934,7MM REM ULTRA MAG,00
2188,7MM RIFLE (BLANK),00
2648,7MM RIGBY MAG,00
2649,7MM RIMFIRE SHOT,00
2023,7MM RSAUM,00
2997,7MM SHEHANE,00
3667,7MM SHERMAN MAX,00
3666,7MM SHERMAN MAX,00
3488,7MM SHERMAN SHORT(7SS),00
2651,7MM SMITH MAG,00
3522,7MM SST,00
2650,7MM STE,00
1841,7MM STW,00
2652,7MM SUPER MASHBURN MAG,00
3469,7MM TCU,00
2611,7MM TCU,00
2361,7MM TOMBI,00
2654,7MM VENTURAN,00
2657,7MM WADE SUPER,00
1545,7MM WBY MAG,00
2015,7MM WIN SHORT MAG (WSM),00
3476,7MM-.300 WIN MAG,00
1812,7MM-06 IMPROVED,00
1790,7MM-08 REM,00
1552,7MM-08 REM,00
2653,7MM-30 JDJ,00
1907,7MM-300 WBY MAG,00
3593,7MM/.284 WIN,00
3594,7MM/.284 WIN,00
3109,7MM/270 WIN SHORT MAG(WSM),00
2530,7MM/300 WIN SHORT MAG (WSM),00
2179,7X57 (BLANK),00
1764,7X57 MAUSER / 12GA,00
773,7X57 MAUSER / 20GA,00
2617,7X57MM IMP (ACKLEY),00
1514,7X57MM MAUS(7MM MAUS),00
3009,7X57R MAUSER / 12GA,00
2618,7X57R MM MAUSER,00
1833,7X57R MM MAUSER / 16GA,00
3245,7X60 GWAZA,00
1755,7X61MM SHARPE & HART,00
1512,7X64MM BRENNEKE,00
1537,7X65R MM BRENN / 12GA,00
1693,7X65R MM BRENNEKE,00
1594,7X65R MM BRENNEKE/16GA,00
1686,7X65RMM BRENN/5.6X35R/16GA,00
1884,7X66MM VOM HOFE SUP EXP,00
1874,7X72R MM / 16GA,00
2655,7X73MM VOM HOFE BELTED,00
3549,7X75 R / 20GA,00
2656,7X75R MM VOM HOFE SUP EXP,00
2147,7X75RMM VOM HOFE SUP EXP/12GA,00
210,8 GA,00
77,8.15X46R,00
575,8.35MM,00
114,8.4MM,00
2075,8.59 TITAN,00
192,8.5MM,00
585,8.5MM MARS,00
3494,8.5X55 BLASER,00
3543,8.6 BLK,00
837,8.6 MM (8.6 X 70) / 12GA,00
173,8.60MM,00
161,8.6MM (8.6X70),00
537,8.82MM,00
572,8.83MM,00
1824,8GA BLACK POWDER,00
227,8MM,00
2236,8MM (BLANK),00
3540,8MM BUZZ,00
3252,8MM FRENCH ORDNANCE,00
2976,8MM GAS,00
2974,8MM GAS,00
3642,8MM LEBEL,00
417,8MM LEBEL,00
3042,8MM MAUSER,00
521,8MM NAMBU (8X22 NAMBU),00
2311,8MM NAMBU (BLANK),00
2084,8MM REM MAG,00
1801,8MM-06,00
2258,8X33 KURZ,00
3554,8X48R MM SAUER / 12GA,00
3615,8X48R MM SAUER / 16GA,00
3239,8X50R AUST MANN / 12GA,00
1919,8X50R AUSTR MANNLICHER,00
2589,8X50R LEBEL,00
3077,8X50R MANNLICHER,00
2590,8X50R SIAMESE MAUSER,00
3194,8X51MM MAUSER,00
3566,8X52R,00
2669,8X56 KROPATCHEK,00
2668,8X56 MANN-SCHOENAUER,00
1643,8X56R HUNGARIAN MAUSER,00
2180,8X57 (BLANK),00
3189,8X57 IS MAUSER,00
1684,8X57 J MAUSER,00
3126,8X57 J MAUSER / 16GA,00
3171,8X57 JR MAUSER / 12GA,00
3323,8X57 JR MAUSER / 16GA,00
1682,8X57 JRS MAUSER,00
3327,8X57 JRS MAUSER / 12GA,00
1681,8X57 JRS MAUSER / 16GA,00
1683,8X57 JS MAUSER,00
3368,8X57 JS MAUSER,00
3075,8X57 JS MAUSER,00
3582,8X57 JS MAUSER / .22LR,00
3199,8X57 JS MAUSER / 16GA,00
2225,8X57 S MAUSER,00
1651,8X57IR / 16GA,00
1685,8X57R,00
3590,8X57R / 12GA,00
1679,8X57R / 16GA,00
3210,8X58R MM SAUER / 12GA,00
2671,8X60MM J,00
2672,8X60MM JR,00
3659,8X60MM JR / 12GA,00
2673,8X60MM JRS,00
1754,8X60MM S,00
3046,8X60R MM GUEDES,00
2168,8X63 SWEDISH,00
2670,8X64MM J,00
1847,8X64MM S,00
1689,8X68MM S,00
1759,8X68S / 12GA,00
3687,8X72R / 12GA,00
2667,8X75,00
2000,8X75R MM,00
79,9.1MM X40R,00
3663,9.1X17.5MM R (PORTUGUESE),00
2980,9.1X64BR,00
3564,9.3 B&M,00
3502,9.3(.36CAL),00
2046,9.3-03 BG,00
3497,9.3X53 SWISS,00
1853,9.3X57MM MAUSER,00
1700,9.3X57R / 16GA,00
2679,9.3X57R MM,00
1551,9.3X62MM MAUSER,00
328,9.3X62MM MAUSER/16GA,00
1566,9.3X64MM BRENNEKE,00
2018,9.3X66MM(.370) SAKO MAG,00
1673,9.3X72MM,00
2954,9.3X72R,00
3110,9.3X72R / 12GA,00
1964,9.3X72R / 16GA,00
3450,9.3X72R / 20GA,00
1871,9.3X74 REM/5.6X50 REM MAG,00
1548,9.3X74R / 12GA,00
2042,9.3X74R / 16GA,00
1649,9.3X74R / 20GA,00
1803,9.3X74R / 7X65R,00
3598,9.3X74R MM,00
1535,9.3X74R MM,00
489,9.4MM DUTCH,00
2601,9.53 HELLCAT,00
2602,9.53 SATURN,00
473,9.5MM NAGANT,00
1932,9.5X47R,00
1558,9.5X57 MANN SCHOENAUER,00
1737,9.5X60R MAUSER,00
3609,9.5X60RMM TURKISH MAUSER,00
3232,9.5X65MM,00
2480,9.5X72B (.375H&H MAG),00
2603,9.5X73MM MILLER-GREISS,00
500,9.65MM NORMAL (9.2X23R),00
3668,9MM,00
212,9MM (SHOTGUN),00
1891,9MM BAYARD LONG,00
1938,9MM BROWNING LONG,00
3541,9MM BUZZ,00
3257,9MM FLOBERT,00
3501,9MM FLOBERT,00
3108,9MM FLOBERT / 22 LR,00
3510,9MM FLOBERT SHORT,00
3230,9MM FX NON-MARKING,00
3010,9MM GLATT,00
3260,9MM P.A.K (GAS),00
3634,9MM P.A.K (GAS),00
3311,9MM P/.38 SPL/.357 MAG,00
496,9MM PAR (9X19MM),00
590,9MM PAR (9X19MM),00
587,9MM PAR (9X19MM),00
2678,9MM PAR (9X19MM),00
3057,9MM PAR (9X19MM),00
2102,9MM PAR (BLANK),00
2115,9MM PAR (BLANK),00
3373,9MM PAR / 16 GA,00
2028,9MM PINFIRE,00
2025,9MM PINFIRE,00
2003,9MM RIMFIRE,00
3187,9MM RIMFIRE,00
522,9MM SHORT,00
1876,9MM SHORT,00
3168,9MM SHORT,00
2116,9MM SHORT (BLANK),00
1986,9MM STEYR,00
2529,9MM ULTRA,00
1799,9X18MM (9MM MAKAROV),00
1595,9X18MM (9MM MAKAROV),00
594,9X18MM (9MM ULTRA),00
1513,9X21MM,00
3587,9X22MM (BLANK),00
3547,9X23MM LARGO,00
2675,9X23MM LARGO,00
2676,9X23MM STEYR,00
1750,9X23MM WIN,00
1766,9X25MM DILLON,00
3480,9X25MM MAUSER,00
3600,9X39MM,00
1966,9X56 MANN SCHOENAUER,00
3569,9X57 R / 16GA,00
1565,9X57MM MAUSER,00
3112,9X57MM MAUSER / 12GA,00
2955,9X57R MM,00
2677,9X57R MM MAUSER,00
3225,9X57RMM MAUSER / 12GA,00
3200,9X63MM,00
3072,9X72R / 16GA,00
3177,AIR/WIND (.22(5.6MM)),00
2966,AIR/WIND (.25(6.35MM)),00
2961,AIR/WIND (.25(6.35MM)),00
2499,AIR/WIND (.25(6.35MM)),00
3456,AIR/WIND (.30),00
3228,AIR/WIND (.303 (7.7MM)),00
3249,AIR/WIND (.45),00
3242,AIR/WIND (.457),00
2967,AIR/WIND (11.6MM(.45)),00
2962,AIR/WIND (11.6MM(.45)),00
2504,AIR/WIND (11.6MM(.45)),00
2963,AIR/WIND (12.7MM(.50)),00
2968,AIR/WIND (12.7MM(.50)),00
2502,AIR/WIND (12.7MM(.50)),00
3619,AIR/WIND (12.97MM(.51)),00
3032,AIR/WIND (4.5MM(.177)),00
3031,AIR/WIND (4.5MM(.177)),00
3699,AIR/WIND (5.0MM/(.20)),00
166,AIR/WIND (5.5MM (.22)),00
3302,AIR/WIND (5.5MM (.22)),00
3303,AIR/WIND (5.5MM (.22)),00
3268,AIR/WIND (5.5MM),00
2965,AIR/WIND (5.6MM(.22)),00
2960,AIR/WIND (5.6MM(.22)),00
2959,AIR/WIND (5.6MM(.22)),00
2964,AIR/WIND (9MM(.357)),00
2969,AIR/WIND (9MM(.357)),00
2503,AIR/WIND (9MM(.357)),00
3145,BARREL (AIR/WIND - .30),00
3620,BARREL (AIR/WIND - 12.97MM(.51,00
3329,BARREL (BILLET-PISTOL) - .40,00
3332,BARREL (BILLET-PISTOL) - .45,00
3379,BARREL (BILLET-PISTOL) - 8MM,00
3331,BARREL (BILLET-PISTOL) - 9MM,00
3725,BARREL (BILLET-RIFLE) - .177,00
2987,BARREL (BILLET-RIFLE) - .20,00
3333,BARREL (BILLET-RIFLE) - .22,00
3334,BARREL (BILLET-RIFLE) - .222,00
3137,BARREL (BILLET-RIFLE) - .223,00
2990,BARREL (BILLET-RIFLE) - .224,00
2988,BARREL (BILLET-RIFLE) - .22R,00
3079,BARREL (BILLET-RIFLE) - .243,00
3025,BARREL (BILLET-RIFLE) - .257,00
3104,BARREL (BILLET-RIFLE) - .260,00
3078,BARREL (BILLET-RIFLE) - .264,00
3080,BARREL (BILLET-RIFLE) - .270,00
3026,BARREL (BILLET-RIFLE) - .284,00
2991,BARREL (BILLET-RIFLE) - .30,00
3437,BARREL (BILLET-RIFLE) - .303,00
3101,BARREL (BILLET-RIFLE) - .308,00
3495,BARREL (BILLET-RIFLE) - .311,00
3496,BARREL (BILLET-RIFLE) - .323,00
2989,BARREL (BILLET-RIFLE) - .338,00
2993,BARREL (BILLET-RIFLE) - .375,00
3271,BARREL (BILLET-RIFLE) - .40,00
3328,BARREL (BILLET-RIFLE) - .404,00
2994,BARREL (BILLET-RIFLE) - .416,00
3185,BARREL (BILLET-RIFLE) - .423,00
2995,BARREL (BILLET-RIFLE) - .458,00
2992,BARREL (BILLET-RIFLE) - .50,00
2983,BARREL (BILLET-RIFLE) - 6.5MM,00
2982,BARREL (BILLET-RIFLE) - 6MM,00
3166,BARREL (BILLET-RIFLE) - 7.62MM,00
2984,BARREL (BILLET-RIFLE) - 7MM,00
2985,BARREL (BILLET-RIFLE) - 8MM,00
3330,BARREL (BILLET-RIFLE) - 9.3MM,00
2986,BARREL (BILLET-RIFLE) - 9MM,00
3364,BARREL-COMB(.22 LR / .410BR),00
3702,BARREL-COMB(.222 REM /.12 GA),00
3692,BARREL-PISTOL (.38 SUPER COMP),00
2341,BARREL-PISTOL(.22 HORNET ),00
2278,BARREL-PISTOL(.22 LR),00
2162,BARREL-PISTOL(.22),00
3654,BARREL-PISTOL(.221 REM),00
2560,BARREL-PISTOL(.223 REM),00
2401,BARREL-PISTOL(.270 REN),00
2404,BARREL-PISTOL(.30-30 WIN),00
2322,BARREL-PISTOL(.300 WHISPER),00
3505,BARREL-PISTOL(.308 WIN),00
3240,BARREL-PISTOL(.32S&W LO),00
2214,BARREL-PISTOL(.357 MAG),00
3156,BARREL-PISTOL(.357 MAX),00
2400,BARREL-PISTOL(.375 H&H MAG),00
2275,BARREL-PISTOL(.38 SUPER),00
2213,BARREL-PISTOL(.40 S&W),00
3526,BARREL-PISTOL(.41 ACTION EXPRE,00
2405,BARREL-PISTOL(.44 MAG),00
2139,BARREL-PISTOL(.45 ACP),00
3617,BARREL-PISTOL(.45-70 GOVERNMEN,00
3557,BARREL-PISTOL(.4MM FLOBERT),00
2477,BARREL-PISTOL(6.35MM BROWNING,00
2443,BARREL-PISTOL(6.5 GREN (6.5X39,00
2408,BARREL-PISTOL(7.62MM TOKAREV),00
3572,BARREL-PISTOL(7.65MM),00
3096,BARREL-PISTOL(7MM BENCH REM),00
2277,BARREL-PISTOL(7MM TCU),00
2137,BARREL-PISTOL(9MM PAR (9X19MM),00
2138,BARREL-PISTOL(9MM SHORT),00
3685,BARREL-PISTOL(9X21MM),00
2478,BARREL-REVOLVER(.22),00
3714,BARREL-REVOLVER(.32 S&W (.32 S,00
2143,BARREL-REVOLVER(.357 MAG),00
2142,BARREL-REVOLVER(.38 SPL),00
3301,BARREL-REVOLVER(.44 MAG),00
2476,BARREL-REVOLVER(.455),00
3093,BARREL-REVOLVER(9MM PAR),00
2387,BARREL-RIFLE(.17 HORNADY MACH,00
2386,BARREL-RIFLE(.17 HORNADY MAG,00
3688,BARREL-RIFLE(.17 HORNET),00
2390,BARREL-RIFLE(.204 RUGER),00
3641,BARREL-RIFLE(.22 BR REM),00
3625,BARREL-RIFLE(.22 CREEDMOOR),00
3682,BARREL-RIFLE(.22 DASHER),00
3592,BARREL-RIFLE(.22 GT),00
2547,BARREL-RIFLE(.22 HORNET),00
2243,BARREL-RIFLE(.22 SHORT/LONG/LR,00
2431,BARREL-RIFLE(.22 WIN MAG RIM),00
2339,BARREL-RIFLE(.22-250 ACKLEY IM,00
3012,BARREL-RIFLE(.22-250 REM),00
2268,BARREL-RIFLE(.222 REM),00
2253,BARREL-RIFLE(.223 REM),00
3551,BARREL-RIFLE(.223 WYLDE),00
3084,BARREL-RIFLE(.224 WBY MAG),00
3612,BARREL-RIFLE(.243 ACKLEY IMP),00
2170,BARREL-RIFLE(.243 WIN),00
3651,BARREL-RIFLE(.25 CREEDMOOR),00
3635,BARREL-RIFLE(.25-06 AI),00
3011,BARREL-RIFLE(.25-06 REM),00
2334,BARREL-RIFLE(.250 SAVAGE (250-,00
3089,BARREL-RIFLE(.257 KOEVOET),00
3719,BARREL-RIFLE(.257 ROBERTS),00
3481,BARREL-RIFLE(.260 LAZER),00
2323,BARREL-RIFLE(.260 REM),00
2337,BARREL-RIFLE(.264 WIN MAG),00
2254,BARREL-RIFLE(.270 WIN),00
3197,BARREL-RIFLE(.270WSM),00
3310,BARREL-RIFLE(.275 RIGBY),00
3639,BARREL-RIFLE(.28 NOSLER),00
3656,BARREL-RIFLE(.280 ACKLEY),00
2300,BARREL-RIFLE(.284 WIN),00
3442,BARREL-RIFLE(.30 HART),00
3129,BARREL-RIFLE(.30-.378 WBY MAG),00
3081,BARREL-RIFLE(.30-06 SPRING),00
2446,BARREL-RIFLE(.300 BLACKOUT),00
3460,BARREL-RIFLE(.300 BLASER MAG),00
2169,BARREL-RIFLE(.300 H&H MAG),00
3670,BARREL-RIFLE(.300 NORMA MAG IM,00
3370,BARREL-RIFLE(.300 NORMA MAG),00
3573,BARREL-RIFLE(.300 PRC),00
3085,BARREL-RIFLE(.300 WBY MAG),00
2281,BARREL-RIFLE(.300 WIN MAG),00
2370,BARREL-RIFLE(.300 WIN SHORT MA,00
3243,BARREL-RIFLE(.303 BRIT (BLANK),00
3054,BARREL-RIFLE(.303 BRIT),00
3395,BARREL-RIFLE(.303 EPPS),00
3528,BARREL-RIFLE(.308 WIN MATCH),00
2184,BARREL-RIFLE(.308 WIN),00
3567,BARREL-RIFLE(.309 JDJ),00
2374,BARREL-RIFLE(.318 RIMLESS NITR,00
2524,BARREL-RIFLE(.333 JEFFREY),00
3459,BARREL-RIFLE(.338 BLASER MAG),00
2288,BARREL-RIFLE(.338 LAPUA MAG),00
3542,BARREL-RIFLE(.338 NORMA MAG),00
2548,BARREL-RIFLE(.338 REM ULTRA MA,00
2298,BARREL-RIFLE(.338 WIN MAG),00
3163,BARREL-RIFLE(.350 RIGBY MAG),00
2472,BARREL-RIFLE(.358 NORMA MAG),00
3458,BARREL-RIFLE(.375 BLASER MAG),00
3073,BARREL-RIFLE(.375 CHEY TAC),00
2207,BARREL-RIFLE(.375 H&H MAG (9.5,00
3082,BARREL-RIFLE(.375 RUGER),00
3623,BARREL-RIFLE(.375 WIN SHORT MA,00
2379,BARREL-RIFLE(.400 H & H MAG),00
2375,BARREL-RIFLE(.404 JEFFERY),00
3576,BARREL-RIFLE(.405 WIN),00
2430,BARREL-RIFLE(.408 CHEY TAC),00
3624,BARREL-RIFLE(.416 BARRETT),00
2156,BARREL-RIFLE(.416 REM MAG),00
2297,BARREL-RIFLE(.416 RIGBY),00
2357,BARREL-RIFLE(.416 TAYLOR),00
2331,BARREL-RIFLE(.450 RIGBY),00
3114,BARREL-RIFLE(.450/400 MAG NE),00
2246,BARREL-RIFLE(.458 LOTT),00
3247,BARREL-RIFLE(.458 SOCOM),00
3065,BARREL-RIFLE(.458 WIN MAG),00
2244,BARREL-RIFLE(.460 WBY MAG),00
2489,BARREL-RIFLE(.470 NITRO EXPRES,00
3556,BARREL-RIFLE(.4MM FLOBERT),00
2135,BARREL-RIFLE(.50 BMG(12.7X99)),00
2287,BARREL-RIFLE(.500 JEFFERY),00
2396,BARREL-RIFLE(.500 NITRO EXPRE,00
3125,BARREL-RIFLE(.500/416 NE),00
2299,BARREL-RIFLE(.505 GIBBS),00
2320,BARREL-RIFLE(.577 NITRO EXPRE,00
3140,BARREL-RIFLE(.577/450 MAR HEN),00
3337,BARREL-RIFLE(.600 NITRO EXP),00
3674,BARREL-RIFLE(10MM AUTO),00
2483,BARREL-RIFLE(12.7X99 (.50BMG),00
3662,BARREL-RIFLE(25X47 LAPUA),00
3470,BARREL-RIFLE(33XC),00
3475,BARREL-RIFLE(37XC),00
2215,BARREL-RIFLE(5.56X45MM),00
3092,BARREL-RIFLE(6.5 CREEDMOOR),00
3574,BARREL-RIFLE(6.5 PRC),00
3117,BARREL-RIFLE(6.5 REM MAG),00
3537,BARREL-RIFLE(6.5 SAUM),00
3121,BARREL-RIFLE(6.5-.284 NORMA),00
2171,BARREL-RIFLE(6.5-06 A-SQUIRE),00
3152,BARREL-RIFLE(6.5-300 WBY MAG),00
3512,BARREL-RIFLE(6.5MM CREEDMOOR),00
3499,BARREL-RIFLE(6.5MM GAP 4S),00
3707,BARREL-RIFLE(6.5MM PRC),00
2525,BARREL-RIFLE(6.5X47 LAPUA),00
2158,BARREL-RIFLE(6.5X55MM SWEDISH,00
2321,BARREL-RIFLE(6.5X57MM MAUSER),00
2335,BARREL-RIFLE(6.5X68MM RWS),00
3099,BARREL-RIFLE(6MM AI),00
3603,BARREL-RIFLE(6MM ARC),00
3276,BARREL-RIFLE(6MM BR),00
3513,BARREL-RIFLE(6MM CREEDMOOR),00
3444,BARREL-RIFLE(6MM DASHER),00
3586,BARREL-RIFLE(6MM GT),00
3091,BARREL-RIFLE(6MM MUSGRAVE),00
2172,BARREL-RIFLE(6MM PPC),00
3083,BARREL-RIFLE(6MM REM),00
3711,BARREL-RIFLE(6MM SHERMAN SHORT,00
3246,BARREL-RIFLE(6MM SUPER LR ),00
3064,BARREL-RIFLE(6MM XC),00
3170,BARREL-RIFLE(6MM-.284),00
2271,BARREL-RIFLE(6X45MM),00
3652,BARREL-RIFLE(6X47 LAPUA),00
2208,BARREL-RIFLE(7 X 64),00
3689,BARREL-RIFLE(7-30 WATERS),00
3647,BARREL-RIFLE(7-6.5 PRCW),00
3325,BARREL-RIFLE(7.5X55 SWISS),00
2514,BARREL-RIFLE(7.62MM (.30)),00
2521,BARREL-RIFLE(7.62X39MM),00
3214,BARREL-RIFLE(7.62X40 WT),00
3241,BARREL-RIFLE(7.62X51MM (BLANK),00
2520,BARREL-RIFLE(7.62X51MM),00
3041,BARREL-RIFLE(7.65X53MM ARGENTI,00
3095,BARREL-RIFLE(7MM BENCH REM),00
3289,BARREL-RIFLE(7MM BLAS MAG),00
3640,BARREL-RIFLE(7MM LRM),00
3589,BARREL-RIFLE(7MM PRC),00
2333,BARREL-RIFLE(7MM REM MAG),00
2996,BARREL-RIFLE(7MM RSAUM),00
2998,BARREL-RIFLE(7MM SHEHANE),00
3063,BARREL-RIFLE(7MM WSM),00
2369,BARREL-RIFLE(7MM-08 REM),00
3037,BARREL-RIFLE(7X57 MAUSER),00
3161,BARREL-RIFLE(7X64MM BREN),00
2447,BARREL-RIFLE(7X65R MM BRENNEKE,00
3718,BARREL-RIFLE(8.5X55 BLASER),00
2376,BARREL-RIFLE(8MM-06),00
3203,BARREL-RIFLE(8X57 IS MAU),00
3135,BARREL-RIFLE(8X57 J MAUSER),00
3133,BARREL-RIFLE(8X57 JRS MAUSER),00
3134,BARREL-RIFLE(8X57 JS MAUSER),00
3136,BARREL-RIFLE(8X57 S MAUSER),00
2336,BARREL-RIFLE(8X60MM S),00
2359,BARREL-RIFLE(8X68MM S),00
2157,BARREL-RIFLE(9.3X62MM MAUSER),00
2241,BARREL-RIFLE(9.3X64MM BRENNEKE,00
3621,BARREL-RIFLE(9.3X66MM).370 SAK,00
2406,BARREL-RIFLE(9.3X74R MM),00
3097,BARREL-RIFLE(9MM PAR),00
2496,BARREL-SHOTGUN (28 GA),00
2206,BARREL-SHOTGUN(.410 BORE),00
2199,BARREL-SHOTGUN(10 GA),00
2200,BARREL-SHOTGUN(12 GA),00
2201,BARREL-SHOTGUN(14 GA),00
2202,BARREL-SHOTGUN(15 GA),00
2203,BARREL-SHOTGUN(16 GA),00
2204,BARREL-SHOTGUN(18 GA),00
2205,BARREL-SHOTGUN(20 GA),00
3066,BARREL-SHOTGUN(6 GA),00
3611,BOLT KNOB,00
2795,CAP&BALL (.28) REV,00
2591,CAP&BALL (.31) REV,00
2594,CAP&BALL (.31) RIFLE,00
2592,CAP&BALL (.36) REV,00
2595,CAP&BALL (.36) RIFLE,00
2751,CAP&BALL (.42) REV,00
2593,CAP&BALL (.44) REV,00
2596,CAP&BALL (.44) RIFLE,00
2598,CAP&BALL (.45) REV,00
2597,CAP&BALL (.45) RIFLE,00
3436,CAP&BALL (.50) RIFLE,00
3338,CAP&BALL (.58) REV,00
3570,FLARE GUN,00
2055,FRAME (PISTOL),00
2059,FRAME (REVOLVER),00
3105,FRAME (RIFLE),00
3563,FRAME (SHOTGUN),00
3380,JAKKALSKANON/TRAPGUN(.38 SPL),00
3291,JAKKALSKANON/TRAPGUN(12GA),00
3339,MUZZLE LOADER (.10),00
3139,MUZZLE LOADER (.400),00
3643,MUZZLE LOADER (.44),00
3248,MUZZLE LOADER (.44),00
3650,MUZZLE LOADER (.45),00
3277,MUZZLE LOADER (.45),00
3340,MUZZLE LOADER (.45),00
3141,MUZZLE LOADER (.450),00
3278,MUZZLE LOADER (.50),00
3186,MUZZLE LOADER (.50),00
3322,MUZZLE LOADER (.54),00
3262,MUZZLE LOADER (.577),00
3297,MUZZLE LOADER (.58),00
3341,MUZZLE LOADER (.72),00
3705,MUZZLE LOADER (.75),00
3295,MUZZLE LOADER (.84),00
3296,MUZZLE LOADER (.86),00
3143,MUZZLE LOADER (12 GA),00
3142,MUZZLE LOADER (16 GA),00
3204,POWERHEAD (.223 REM),00
2384,POWERHEAD (.303 BRIT),00
3205,POWERHEAD (.38 SPL / .357 MAG),00
3206,POWERHEAD (.410 BORE),00
3207,POWERHEAD (.44 MAG),00
3208,POWERHEAD (12GA),00
1910,PRIMERS,00
3355,PROOF BARREL(.22-250 REM),00
3361,PROOF BARREL(.222 REM),00
3362,PROOF BARREL(.223 REM),00
3408,PROOF BARREL(.243 WIN),00
3349,PROOF BARREL(.270 WIN),00
3358,PROOF BARREL(.30-06 SPRING),00
3411,PROOF BARREL(.300 H & H MAG ),00
3293,PROOF BARREL(.300 WIN MAG),00
3320,PROOF BARREL(.303 BRIT),00
3360,PROOF BARREL(.308 WIN),00
3366,PROOF BARREL(.357 MAG),00
3363,PROOF BARREL(.375 H&H MAG),00
3321,PROOF BARREL(.38 S&W),00
3348,PROOF BARREL(.38 SPECIAL),00
3346,PROOF BARREL(.40 S&W),00
3344,PROOF BARREL(.44 MAG),00
3347,PROOF BARREL(.45 ACP),00
3356,PROOF BARREL(.458 WIN MAG),00
3352,PROOF BARREL(12.7X77MM),00
3413,PROOF BARREL(12.7X99 (.50BMG),00
3318,PROOF BARREL(5.56X45MM),00
3343,PROOF BARREL(6.35 BROWNING),00
3350,PROOF BARREL(6MM MUSGRAVE),00
3351,PROOF BARREL(7.62X39MM),00
3319,PROOF BARREL(7.62X51MM),00
3410,PROOF BARREL(7.65MM (.32ACP)),00
3367,PROOF BARREL(7MM REM MAG),00
3353,PROOF BARREL(7X57MM MAUSER),00
3354,PROOF BARREL(7X64MM BREN),00
3412,PROOF BARREL(9.3X62MM MAUSER ),00
3345,PROOF BARREL(9MM PAR),00
3359,PROOF BARREL(9MM SHORT),00
2056,RECEIVER(RIF/S/LCARB),00
2060,RECEIVER(SHOTGUN),00
1802,STARTERS PISTOL,00
3426,STARTERS REVOLVER,00
